player_id,game_id,team_id,points,pos,min,fgm,fga,fgp,ftm,fta,ftp,tpm,tpa,tpp,offReb,defReb,totReb,assists,pFouls,steals,turnovers,blocks,plusMinus,comment
1901,12478,8,6,PF,20,2,7,28.6,0,0,0,2,7,28.6,0,4,4,3,3,0,0,0,-3,
1845,12478,22,6,SG,16,2,6,33.3,0,0,0,2,4,50.0,0,2,2,0,3,1,0,1,-3,
2584,12478,22,13,SG,17,4,9,44.4,3,4,75.0,2,3,66.7,0,2,2,3,1,0,1,1,+3,
3195,12478,22,0,F,11,0,6,0,0,0,0,0,2,0,1,1,2,2,2,0,2,0,-6,
2608,12478,22,4,F,7,1,1,100.0,1,2,50.0,1,1,100.0,0,2,2,1,0,0,0,0,-3,
3470,12478,22,4,F,17,2,4,50.0,0,0,0,0,0,0,3,1,4,1,3,0,0,0,-6,
18,12478,22,2,SF,17,1,4,25.0,0,0,0,0,1,0,0,0,0,2,0,0,1,1,+12,
945,12478,22,2,SF,14,1,4,25.0,0,0,0,0,2,0,1,2,3,0,2,1,0,0,+11,
2807,12478,22,7,C,9,3,7,42.9,0,0,0,1,3,33.3,3,2,5,1,1,0,0,0,-8,
2146,12478,22,14,C,16,6,8,75.0,0,0,0,2,2,100.0,1,2,3,1,1,1,2,0,+9,
997,12478,22,3,PG,12,1,3,33.3,0,0,0,1,3,33.3,0,2,2,4,1,1,1,0,-3,
1001,12478,22,4,SG,15,2,3,66.7,0,0,0,0,0,0,0,1,1,3,1,0,1,1,+14,
3154,12478,22,0,SG,6,0,2,0,0,0,0,0,1,0,0,3,3,1,0,0,1,0,+3,
3465,12478,22,4,G,4,2,3,66.7,0,0,0,0,0,0,3,1,4,1,0,0,0,0,+5,
3456,12478,22,0,G,5,0,2,0,0,0,0,0,0,0,0,0,0,0,0,0,1,0,-10,
3474,12478,22,6,G,17,2,7,28.6,1,2,50.0,1,2,50.0,0,2,2,1,2,1,1,1,0,
114,12478,22,4,PG,7,1,1,100.0,1,1,100.0,1,1,100.0,0,2,2,1,0,0,1,0,+5,
519,12478,22,14,C,18,4,9,44.4,5,5,100.0,1,3,33.3,0,3,3,2,3,2,2,1,+2,
4001,12478,22,10,F,14,4,8,50.0,0,0,0,2,3,66.7,1,0,1,1,3,2,4,1,-1,
3959,12478,8,5,G,14,2,7,28.6,0,0,0,1,3,33.3,0,1,1,0,1,0,0,1,+4,
192,12478,22,7,C,17,3,3,100.0,1,2,50.0,0,0,0,0,5,5,0,0,0,0,1,+16,
963,12478,8,18,PG,19,5,12,41.7,6,7,85.7,2,7,28.6,1,4,5,6,0,2,4,0,-1,
2593,12478,8,6,SG,22,2,6,33.3,0,1,0,2,3,66.7,1,2,3,0,1,1,2,0,+1,
3407,12478,8,22,G,23,9,21,42.9,0,0,0,4,10,40.0,2,6,8,2,1,1,6,0,-13,
817,12478,8,2,PF,14,1,1,100.0,0,0,0,0,0,0,1,3,4,0,0,0,0,0,-11,
2795,12478,8,4,PF,7,2,5,40.0,0,1,0,0,1,0,2,1,3,0,0,0,0,0,+3,
246,12478,8,0,F,7,0,3,0,0,0,0,0,0,0,1,2,3,0,2,0,0,0,-6,
3960,12478,8,5,F,20,2,10,20.0,1,2,50.0,0,5,0,3,3,6,1,0,0,0,0,-4,
4044,12478,8,2,C,23,1,2,50.0,0,0,0,0,0,0,2,2,4,0,3,1,3,3,-14,
283,12478,8,3,SF,10,1,3,33.3,1,1,100.0,0,1,0,0,1,1,0,0,1,0,1,-2,
2862,12478,8,0,SF,2,0,0,0,0,0,0,0,0,0,0,0,0,0,0,0,0,0,-2,
433,12478,8,2,C,7,0,0,0,2,2,100.0,0,0,0,0,2,2,0,2,0,0,0,+11,
3961,12478,8,6,SG,8,2,3,66.7,1,2,50.0,1,2,50.0,1,0,1,2,1,0,1,0,+6,
164,12478,8,5,G,20,2,3,66.7,1,1,100.0,0,0,0,0,2,2,5,1,0,3,0,-12,
2890,12478,8,2,G,7,1,3,33.3,0,0,0,0,1,0,1,2,3,0,0,1,0,1,+3,
215,12478,8,8,SF,18,3,8,37.5,0,0,0,2,6,33.3,0,1,1,0,0,1,1,0,0,
2648,12545,10,9,C,20,2,7,28.6,4,6,66.7,1,4,25.0,1,3,4,3,1,0,0,1,-17,
3433,12545,10,6,C,16,3,4,75.0,0,0,0,0,1,0,0,3,3,1,1,2,1,0,-20,
2801,12545,10,7,PG,23,3,10,30.0,0,0,0,1,4,25.0,0,5,5,4,2,0,3,0,-22,
3451,12545,10,7,PG,19,3,8,37.5,0,0,0,1,3,33.3,0,4,4,4,1,0,1,1,-14,
931,12545,10,6,PF,13,3,7,42.9,0,0,0,0,0,0,2,5,7,1,1,0,0,0,0,
3417,12545,10,6,F,7,2,3,66.7,0,0,0,2,3,66.7,0,0,0,0,1,0,0,0,+2,
3969,12545,10,3,F,15,1,4,25.0,1,2,50.0,0,1,0,1,4,5,0,1,0,0,0,+6,
2678,12545,10,4,G,19,2,8,25.0,0,2,0,0,1,0,1,2,3,6,0,0,1,0,+7,
2666,12545,10,4,C,10,2,5,40.0,0,0,0,0,0,0,0,3,3,1,1,0,1,1,+7,
3790,12545,10,5,G,14,2,6,33.3,0,0,0,1,3,33.3,0,2,2,2,1,0,1,0,+1,
3481,12545,10,13,G,24,5,9,55.6,2,2,100.0,1,3,33.3,3,1,4,3,2,2,0,0,+11,
3970,12545,10,7,G,9,3,6,50.0,0,0,0,1,2,50.0,1,2,3,0,3,0,1,1,-1,
3968,12545,10,16,G,19,6,10,60.0,1,1,100.0,3,7,42.9,0,2,2,4,2,1,1,0,+7,
3971,12545,10,9,F,25,4,13,30.8,1,3,33.3,0,2,0,5,6,11,0,2,0,4,0,-20,
2557,12545,10,2,C,9,1,2,50.0,0,0,0,0,1,0,2,0,2,0,1,0,0,2,+3,
4045,12545,8,0,G,0,0,0,0,0,0,0,0,0,0,0,0,0,0,0,0,0,0,0,
3961,12545,8,0,SG,0,0,0,0,0,0,0,0,0,0,0,0,0,0,0,0,0,0,0,
2890,12545,8,3,G,7,1,2,50.0,0,0,0,1,1,100.0,0,1,1,0,0,0,1,0,-3,
3959,12545,8,0,G,4,0,1,0,0,0,0,0,0,0,0,0,0,0,0,0,0,1,-4,
1901,12545,8,5,PF,25,2,7,28.6,0,0,0,1,4,25.0,0,5,5,2,3,1,2,1,+14,
283,12545,8,8,SF,15,3,4,75.0,0,0,0,2,2,100.0,0,1,1,1,1,0,0,0,+14,
261,12545,8,17,PG,27,6,15,40.0,1,1,100.0,4,10,40.0,0,8,8,11,0,2,0,1,+12,
2593,12545,8,22,SG,24,8,12,66.7,2,2,100.0,4,5,80.0,0,3,3,0,0,2,3,1,+18,
374,12545,8,4,PF,7,1,4,25.0,1,1,100.0,1,3,33.3,0,0,0,0,0,0,0,0,-3,
817,12545,8,5,PF,15,1,4,25.0,2,2,100.0,1,3,33.3,0,1,1,0,0,0,0,0,-1,
4044,12545,8,14,C,24,6,7,85.7,2,2,100.0,0,0,0,1,4,5,2,2,0,0,1,+9,
3960,12545,8,7,F,14,2,5,40.0,2,2,100.0,1,2,50.0,3,2,5,0,1,0,0,0,-8,
215,12545,8,12,SF,21,4,13,30.8,2,3,66.7,2,9,22.2,0,4,4,4,0,1,2,0,+7,
433,12545,8,5,C,14,2,2,100.0,1,1,100.0,0,0,0,2,4,6,3,3,0,3,0,+6,
123,12545,8,6,SG,14,1,5,20.0,4,5,80.0,0,0,0,0,2,2,1,1,1,0,1,+1,
164,12545,8,4,G,17,1,7,14.3,2,2,100.0,0,1,0,1,4,5,5,1,0,0,1,-7,
246,12545,8,2,F,10,1,3,33.3,0,2,0,0,0,0,1,3,4,1,1,1,1,1,-5,
1901,12561,8,17,PF,35,6,11,54.5,1,1,100.0,4,8,50.0,1,5,6,0,4,0,3,1,+2,
164,12561,8,3,G,8,1,2,50.0,1,1,100.0,0,1,0,0,1,1,0,1,0,0,0,+4,
2593,12561,8,11,SG,30,3,5,60.0,3,4,75.0,2,2,100.0,2,0,2,1,4,1,0,0,+4,
123,12561,8,0,SG,4,0,0,0,0,0,0,0,0,0,0,0,0,0,0,0,0,0,+4,
4044,12561,8,16,C,31,7,8,87.5,2,3,66.7,0,0,0,5,5,10,1,4,1,1,1,+20,
215,12561,8,17,SF,28,5,14,35.7,4,4,100.0,3,10,30.0,2,4,6,4,0,1,1,0,+9,
963,12561,8,33,PG,34,13,25,52.0,4,7,57.1,3,11,27.3,1,12,13,10,1,2,4,0,+4,
261,12561,8,22,PG,36,10,24,41.7,1,1,100.0,1,8,12.5,0,2,2,6,3,1,2,0,+1,
283,12561,8,1,SF,12,0,3,0,1,2,50.0,0,2,0,0,1,1,0,0,0,1,0,-1,
817,12561,8,6,PF,23,2,7,28.6,0,0,0,2,5,40.0,2,5,7,2,3,0,0,1,-12,
854,12561,31,12,SF,22,5,10,50.0,0,0,0,2,6,33.3,0,0,0,2,2,0,0,1,-11,
2606,12561,31,16,PG,25,5,7,71.4,4,4,100.0,2,3,66.7,1,4,5,6,0,0,1,0,+1,
2790,12561,31,2,C,13,1,1,100.0,0,0,0,0,0,0,1,4,5,2,0,1,1,0,-6,
351,12561,31,0,SF,11,0,1,0,0,0,0,0,1,0,0,1,1,1,1,0,0,1,-7,
2661,12561,31,23,SG,35,9,17,52.9,4,5,80.0,1,6,16.7,1,4,5,3,2,2,2,0,+4,
4026,12561,31,15,C,23,6,9,66.7,0,1,0,3,5,60.0,0,5,5,2,5,2,5,1,0,
1872,12561,31,17,SF,32,7,15,46.7,2,3,66.7,1,3,33.3,2,7,9,7,4,0,3,0,0,
3490,12561,31,13,F,29,4,12,33.3,3,6,50.0,2,4,50.0,3,5,8,5,4,1,3,0,-10,
762,12561,31,14,PF,32,6,10,60.0,2,2,100.0,0,4,0,1,4,5,3,4,1,3,2,-4,
3419,12561,31,7,G,18,3,7,42.9,1,1,100.0,0,3,0,0,2,2,2,1,1,1,0,-2,
142,12572,4,23,PG,40,8,17,47.1,1,2,50.0,6,12,50.0,0,3,3,8,4,0,2,0,+4,
481,12572,4,10,PG,32,5,8,62.5,0,0,0,0,0,0,4,6,10,8,3,2,2,2,0,
2855,12572,4,30,SG,33,12,19,63.2,5,5,100.0,1,4,25.0,0,7,7,2,2,1,0,1,+3,
175,12572,4,12,PF,32,4,8,50.0,0,0,0,4,7,57.1,1,6,7,3,5,0,2,0,-15,
2848,12572,4,2,C,3,1,2,50.0,0,0,0,0,0,0,2,2,4,0,1,1,2,0,+5,
876,12572,4,0,PG,8,0,3,0,0,0,0,0,0,0,0,1,1,1,4,0,1,0,-7,
1038,12572,4,14,G,21,5,9,55.6,0,0,0,4,6,66.7,0,1,1,2,3,0,2,1,+8,
851,12572,4,11,PF,34,4,9,44.4,0,0,0,3,7,42.9,2,8,10,3,4,1,3,0,-11,
164,12572,8,2,G,4,1,2,50.0,0,0,0,0,1,0,0,0,0,0,0,1,0,1,-1,
940,12572,4,18,SF,35,6,17,35.3,3,3,100.0,3,7,42.9,1,3,4,3,2,0,1,0,-12,
123,12572,8,2,SG,9,1,1,100.0,0,0,0,0,0,0,0,0,0,1,1,0,1,0,+1,
433,12572,8,11,C,13,4,4,100.0,2,2,100.0,1,1,100.0,2,0,2,0,0,1,0,0,-6,
2593,12572,8,7,SG,28,2,7,28.6,3,6,50.0,0,3,0,1,2,3,2,2,3,3,0,+8,
215,12572,8,19,SF,30,6,17,35.3,4,4,100.0,3,7,42.9,1,3,4,1,2,0,1,0,+13,
817,12572,8,0,PF,26,0,3,0,0,0,0,0,0,0,1,4,5,2,1,0,0,0,+10,
963,12572,8,49,PG,36,16,25,64.0,8,10,80.0,9,14,64.3,1,9,10,7,1,0,0,0,+9,
261,12572,8,17,PG,34,6,17,35.3,4,4,100.0,1,4,25.0,1,6,7,6,2,0,0,0,-7,
4044,12572,8,9,C,17,4,4,100.0,1,2,50.0,0,0,0,1,1,2,0,0,0,1,1,+1,
283,12572,8,4,SF,14,2,5,40.0,0,0,0,0,2,0,0,1,1,1,1,0,1,0,+1,
1901,12572,8,5,PF,29,2,6,33.3,0,0,0,1,4,25.0,0,6,6,0,5,0,2,0,-4,
283,12594,8,22,SF,27,7,10,70.0,4,6,66.7,4,6,66.7,0,4,4,0,0,0,1,0,+12,
4044,12594,8,2,C,14,1,2,50.0,0,0,0,0,0,0,1,5,6,0,5,0,0,1,-2,
963,12594,8,35,PG,40,11,22,50.0,7,10,70.0,6,12,50.0,0,12,12,12,4,1,6,1,+6,
2593,12594,8,12,SG,34,5,10,50.0,0,0,0,2,4,50.0,1,1,2,3,0,1,1,0,+4,
817,12594,8,7,PF,22,2,4,50.0,2,2,100.0,1,3,33.3,1,4,5,2,2,1,2,0,+7,
3407,12594,8,6,G,10,2,6,33.3,0,0,0,2,4,50.0,0,0,0,1,1,0,1,0,-7,
433,12594,8,0,C,12,0,0,0,0,0,0,0,0,0,2,3,5,0,1,0,1,4,+10,
123,12594,8,3,SG,15,1,5,20.0,0,0,0,1,3,33.3,0,2,2,2,2,1,1,1,+14,
164,12594,8,2,G,6,1,3,33.3,0,0,0,0,0,0,0,4,4,2,0,0,0,0,+7,
1901,12594,8,15,PF,31,4,8,50.0,3,4,75.0,4,8,50.0,1,2,3,2,1,0,1,0,+18,
215,12594,8,21,SF,29,8,14,57.1,2,2,100.0,3,7,42.9,0,5,5,0,1,0,1,0,+6,
3508,12594,19,0,G,1,0,0,0,0,0,0,0,0,0,0,0,0,0,0,0,0,0,0,
3892,12594,19,0,G,1,0,1,0,0,0,0,0,0,0,0,0,0,0,0,0,0,0,0,
2177,12594,19,3,SG,19,1,2,50.0,0,0,0,1,2,50.0,1,3,4,1,2,0,0,0,-3,
2656,12594,19,6,F,29,3,14,21.4,0,3,0,0,5,0,2,5,7,1,0,2,0,1,+4,
2864,12594,19,8,F,33,3,8,37.5,0,0,0,2,4,50.0,1,6,7,2,2,1,3,0,-21,
486,12594,19,23,PG,35,9,17,52.9,0,0,0,5,10,50.0,1,4,5,9,6,3,6,0,-1,
2568,12594,19,30,SG,37,12,17,70.6,3,4,75.0,3,7,42.9,2,4,6,3,3,3,2,0,0,
982,12594,19,30,PF,34,10,20,50.0,7,9,77.8,3,6,50.0,2,7,9,4,3,0,1,2,-25,
3460,12594,19,0,F,6,0,1,0,0,0,0,0,1,0,0,0,0,0,3,0,0,0,-9,
3483,12594,19,9,F,29,4,8,50.0,1,2,50.0,0,1,0,1,4,5,2,2,0,0,1,-2,
3994,12594,19,0,F,1,0,0,0,0,0,0,0,0,0,0,0,0,0,0,0,0,0,0,
456,12594,19,1,PG,14,0,4,0,1,2,50.0,0,1,0,0,1,1,0,1,0,0,0,-18,
3463,12594,19,0,F,1,0,0,0,0,0,0,0,0,0,0,0,0,0,0,0,0,0,0,
2664,12612,6,0,PF,25,0,6,0,0,0,0,0,5,0,1,2,3,1,3,1,2,1,-8,
631,12612,6,6,SG,22,3,6,50.0,0,0,0,0,3,0,2,2,4,1,4,1,2,1,-5,
949,12612,6,12,PG,15,5,7,71.4,0,0,0,2,2,100.0,0,1,1,2,0,1,1,1,-3,
2802,12612,6,8,SG,11,3,4,75.0,0,0,0,2,3,66.7,0,1,1,1,1,0,0,0,+8,
765,12612,6,2,SF,17,1,2,50.0,0,0,0,0,1,0,2,3,5,1,3,0,0,0,+1,
308,12612,6,22,SG,36,7,17,41.2,3,3,100.0,5,9,55.6,0,2,2,1,2,2,0,0,-6,
1900,12612,6,10,PG,33,4,12,33.3,1,2,50.0,1,6,16.7,0,1,1,4,3,0,3,0,-6,
534,12612,6,21,C,36,10,17,58.8,0,0,0,1,3,33.3,5,15,20,1,2,2,3,0,-6,
136,12612,6,16,SF,33,5,13,38.5,6,6,100.0,0,1,0,1,2,3,7,3,1,2,0,-17,
3407,12612,8,9,G,14,3,7,42.9,2,2,100.0,1,2,50.0,0,1,1,1,0,0,0,0,+6,
147,12612,6,8,C,12,4,5,80.0,0,0,0,0,0,0,1,2,3,0,2,2,0,0,-3,
123,12612,8,4,SG,12,2,5,40.0,0,0,0,0,1,0,2,1,3,0,0,0,1,0,-5,
433,12612,8,5,C,10,0,0,0,5,6,83.3,0,0,0,1,0,1,1,1,0,0,0,-5,
215,12612,8,24,SF,27,8,15,53.3,1,1,100.0,7,13,53.8,0,3,3,2,0,1,2,0,-9,
817,12612,8,0,PF,4,0,2,0,0,0,0,0,1,0,0,2,2,0,0,0,0,0,-1,
2593,12612,8,3,SG,26,1,5,20.0,0,0,0,1,5,20.0,0,3,3,1,2,0,2,0,+14,
963,12612,8,18,PG,40,5,16,31.3,7,9,77.8,1,8,12.5,0,7,7,10,2,2,6,1,+11,
4044,12612,8,7,C,33,3,5,60.0,1,4,25.0,0,0,0,7,6,13,6,3,2,1,1,+15,
283,12612,8,17,SF,31,7,13,53.8,0,0,0,3,9,33.3,1,4,5,1,2,0,0,0,+11,
1901,12612,8,25,PF,30,7,10,70.0,4,6,66.7,7,9,77.8,2,3,5,1,1,1,0,0,+13,
164,12612,8,2,G,10,1,3,33.3,0,0,0,0,0,0,0,2,2,0,0,1,1,0,-5,
261,12625,8,22,PG,35,9,15,60.0,3,4,75.0,1,5,20.0,0,1,1,7,1,4,3,2,-12,
963,12625,8,34,PG,38,11,24,45.8,6,7,85.7,6,11,54.5,3,7,10,8,2,0,9,1,-4,
3960,12625,8,0,F,1,0,1,0,0,0,0,0,0,0,0,0,0,0,0,0,0,0,+2,
215,12625,8,9,SF,27,3,8,37.5,2,2,100.0,1,5,20.0,0,3,3,2,3,1,2,0,-10,
3407,12625,8,6,G,14,2,6,33.3,0,0,0,2,4,50.0,1,2,3,3,2,0,0,0,+8,
123,12625,8,0,SG,5,0,1,0,0,0,0,0,1,0,0,1,1,1,1,1,0,0,+4,
2593,12625,8,13,SG,27,5,8,62.5,0,0,0,3,5,60.0,1,4,5,2,2,2,0,0,+4,
4044,12625,8,4,C,25,2,3,66.7,0,0,0,0,1,0,1,3,4,0,2,1,0,1,-10,
433,12625,8,6,C,17,2,5,40.0,2,2,100.0,0,0,0,1,0,1,1,2,0,0,0,-2,
283,12625,8,7,SF,17,3,5,60.0,0,0,0,1,3,33.3,1,0,1,1,0,2,0,0,-16,
164,12625,8,0,G,1,0,0,0,0,0,0,0,0,0,0,0,0,0,0,0,0,0,+2,
3420,12625,9,9,G,15,3,4,75.0,3,3,100.0,0,0,0,2,3,5,0,3,1,1,0,-5,
264,12625,9,8,PG,20,3,10,30.0,1,2,50.0,1,4,25.0,0,1,1,2,1,4,3,0,+5,
3498,12625,9,3,F,13,1,4,25.0,1,2,50.0,0,1,0,2,1,3,1,2,0,0,2,-14,
2627,12625,9,4,PF,12,2,2,100.0,0,1,0,0,0,0,1,3,4,0,0,0,1,0,-4,
89,12625,9,8,SG,37,3,7,42.9,0,0,0,2,3,66.7,0,5,5,1,0,2,1,0,+15,
383,12625,9,18,PG,39,5,15,33.3,6,6,100.0,2,6,33.3,0,2,2,13,4,1,2,0,+2,
279,12625,9,33,C,36,14,16,87.5,3,5,60.0,2,2,100.0,7,7,14,9,3,1,4,1,+17,
1014,12625,9,24,SF,34,10,18,55.6,0,0,0,4,8,50.0,5,4,9,1,2,0,1,2,+17,
195,12625,9,18,PF,35,8,17,47.1,0,0,0,2,6,33.3,2,6,8,6,2,2,4,1,+22,
1901,12625,8,13,PF,33,4,10,40.0,2,2,100.0,3,7,42.9,2,3,5,2,4,1,1,2,-21,
3950,12638,5,7,F,36,3,12,25.0,1,2,50.0,0,5,0,0,1,1,1,3,1,0,0,-9,
227,12638,5,20,SF,34,9,23,39.1,1,4,25.0,1,4,25.0,2,2,4,8,2,1,1,0,-4,
3506,12638,5,19,C,27,8,8,100.0,3,6,50.0,0,0,0,2,8,10,1,3,0,2,0,-1,
2566,12638,5,30,PG,39,11,23,47.8,3,3,100.0,5,10,50.0,2,8,10,13,6,1,3,1,+1,
3469,12638,5,1,G,10,0,1,0,1,2,50.0,0,1,0,0,2,2,0,0,2,0,0,+1,
2639,12638,5,12,C,21,6,7,85.7,0,0,0,0,0,0,3,6,9,1,4,0,0,1,-5,
488,12638,5,0,PG,3,0,0,0,0,0,0,0,0,0,0,0,0,0,3,0,1,0,-4,
2614,12638,5,9,PG,21,4,9,44.4,0,0,0,1,6,16.7,0,0,0,4,1,0,1,0,-7,
2856,12638,5,0,F,15,0,1,0,0,0,0,0,0,0,1,2,3,1,0,0,0,0,-10,
1897,12638,5,20,PF,34,8,15,53.3,3,4,75.0,1,4,25.0,0,4,4,1,3,0,0,0,+8,
164,12638,8,3,G,3,1,2,50.0,0,0,0,1,1,100.0,0,1,1,0,1,0,0,0,-1,
2593,12638,8,7,SG,24,3,9,33.3,0,2,0,1,4,25.0,0,2,2,3,1,1,1,1,+2,
433,12638,8,10,C,15,3,3,100.0,4,6,66.7,0,0,0,5,0,5,3,2,0,0,0,+2,
215,12638,8,16,SF,32,5,17,29.4,2,2,100.0,4,12,33.3,0,2,2,1,0,0,0,0,+1,
963,12638,8,23,PG,36,8,19,42.1,6,7,85.7,1,9,11.1,1,11,12,9,3,0,4,1,+3,
261,12638,8,18,PG,34,6,14,42.9,4,4,100.0,2,6,33.3,0,3,3,10,3,1,2,1,+8,
4044,12638,8,15,C,32,7,9,77.8,1,2,50.0,0,0,0,3,11,14,1,4,0,2,1,+1,
283,12638,8,0,SF,17,0,2,0,0,0,0,0,1,0,0,0,0,1,1,1,1,1,+3,
1901,12638,8,18,PF,31,7,9,77.8,0,1,0,4,5,80.0,0,4,4,3,3,0,0,1,+2,
3407,12638,8,14,G,15,3,7,42.9,7,8,87.5,1,4,25.0,0,4,4,0,1,0,0,0,+9,
261,12642,8,21,PG,37,8,20,40.0,3,5,60.0,2,6,33.3,1,5,6,10,2,3,3,0,+18,
963,12642,8,29,PG,35,9,17,52.9,6,6,100.0,5,10,50.0,0,3,3,6,2,2,6,0,+7,
215,12642,8,21,SF,31,8,16,50.0,1,1,100.0,4,11,36.4,0,6,6,0,0,0,0,0,+3,
283,12642,8,5,SF,28,2,5,40.0,0,0,0,1,3,33.3,1,3,4,1,3,0,1,2,+2,
2593,12642,8,6,SG,20,2,3,66.7,1,2,50.0,1,2,50.0,0,2,2,1,3,1,1,0,+10,
3407,12642,8,5,G,11,1,5,20.0,3,4,75.0,0,3,0,0,1,1,1,0,1,1,0,+2,
433,12642,8,7,C,28,2,2,100.0,3,5,60.0,0,0,0,0,2,2,2,3,1,0,2,+14,
1901,12642,8,13,PF,33,5,9,55.6,1,3,33.3,2,5,40.0,1,1,2,0,2,0,0,1,+18,
4044,12642,8,10,C,16,4,5,80.0,2,2,100.0,0,0,0,2,3,5,0,5,1,2,1,+1,
258,12642,26,2,SG,21,1,2,50.0,0,0,0,0,0,0,0,5,5,3,1,0,2,0,+3,
2563,12642,26,19,PG,30,7,13,53.8,3,5,60.0,2,5,40.0,0,2,2,5,3,1,3,2,-14,
3449,12642,26,3,G,14,1,2,50.0,0,0,0,1,2,50.0,0,1,1,0,1,0,0,0,-2,
1037,12642,26,19,C,26,8,13,61.5,2,2,100.0,1,4,25.0,0,5,5,0,3,1,2,0,-15,
4010,12642,26,8,G,33,3,7,42.9,0,0,0,2,4,50.0,2,3,5,2,2,0,1,0,-13,
2852,12642,26,10,SG,24,4,12,33.3,1,2,50.0,1,6,16.7,1,3,4,7,3,1,4,1,-6,
1848,12642,26,7,C,22,3,5,60.0,1,1,100.0,0,1,0,2,4,6,0,3,2,1,1,0,
2858,12642,26,12,SF,33,5,13,38.5,1,2,50.0,1,4,25.0,0,5,5,4,3,1,1,0,-13,
3414,12642,26,22,PF,37,8,18,44.4,6,6,100.0,0,1,0,1,4,5,6,5,0,6,0,-15,
2789,12663,38,14,SF,39,4,15,26.7,6,8,75.0,0,4,0,6,8,14,7,2,4,0,2,+9,
428,12663,38,4,C,21,2,5,40.0,0,1,0,0,0,0,3,3,6,3,4,2,1,0,0,
472,12663,38,18,PG,30,7,13,53.8,3,4,75.0,1,4,25.0,0,2,2,5,4,2,2,1,+1,
745,12663,38,10,PF,15,4,4,100.0,1,2,50.0,1,1,100.0,1,1,2,0,5,0,1,1,+4,
4027,12663,38,0,G,7,0,1,0,0,0,0,0,0,0,0,0,0,0,1,0,2,0,0,
2587,12663,38,8,PG,15,2,5,40.0,2,2,100.0,2,4,50.0,0,4,4,4,2,0,0,0,+7,
1058,12663,38,16,SG,26,6,11,54.5,0,0,0,4,8,50.0,0,2,2,1,0,1,0,0,+9,
732,12663,38,26,SF,36,9,17,52.9,5,6,83.3,3,8,37.5,1,4,5,2,4,0,2,0,+9,
430,12663,38,0,SF,15,0,3,0,0,0,0,0,2,0,0,3,3,0,1,1,0,0,+9,
3407,12663,8,6,G,12,2,4,50.0,1,2,50.0,1,3,33.3,0,1,1,2,0,0,0,0,-5,
479,12663,38,31,PF,37,15,25,60.0,1,4,25.0,0,5,0,4,8,12,5,2,0,3,0,+7,
2593,12663,8,3,SG,18,1,3,33.3,0,0,0,1,2,50.0,0,1,1,2,2,0,1,1,-21,
215,12663,8,17,SF,26,6,11,54.5,0,0,0,5,9,55.6,1,1,2,1,0,0,3,0,-19,
246,12663,8,2,F,7,1,2,50.0,0,0,0,0,0,0,2,1,3,1,2,0,1,0,+1,
817,12663,8,4,PF,15,0,0,0,4,8,50.0,0,0,0,0,2,2,4,2,0,2,0,-7,
963,12663,8,31,PG,38,11,26,42.3,7,10,70.0,2,10,20.0,0,7,7,8,3,4,4,1,-7,
261,12663,8,22,PG,36,8,19,42.1,3,3,100.0,3,7,42.9,0,4,4,5,2,0,1,0,+4,
433,12663,8,5,C,24,1,1,100.0,3,5,60.0,0,0,0,0,6,6,0,2,0,0,1,-10,
283,12663,8,15,SF,29,6,8,75.0,0,0,0,3,5,60.0,1,4,5,1,3,0,3,3,+11,
1901,12663,8,6,PF,27,2,7,28.6,0,0,0,2,5,40.0,0,2,2,1,4,0,0,0,-4,
164,12663,8,5,G,8,2,3,66.7,1,3,33.3,0,0,0,2,3,5,0,1,0,0,0,+2,
314,12674,16,26,SF,29,8,15,53.3,8,8,100.0,2,4,50.0,1,2,3,4,2,0,2,0,-8,
575,12674,16,12,C,22,5,9,55.6,2,4,50.0,0,0,0,5,3,8,1,3,0,1,2,+1,
216,12674,16,14,SG,29,3,6,50.0,6,6,100.0,2,3,66.7,0,5,5,3,0,2,2,0,-6,
520,12674,16,0,PF,6,0,1,0,0,0,0,0,1,0,0,1,1,0,2,0,0,0,-20,
3431,12674,16,11,F,16,4,6,66.7,3,4,75.0,0,0,0,6,3,9,0,3,0,0,0,+2,
3983,12674,16,7,G,13,3,4,75.0,0,0,0,1,1,100.0,1,0,1,0,2,0,1,0,+10,
1877,12674,16,11,SG,29,5,8,62.5,0,0,0,1,3,33.3,3,3,6,3,4,0,0,0,-10,
2115,12674,16,6,SG,13,2,6,33.3,2,2,100.0,0,2,0,0,2,2,0,1,0,0,0,+8,
434,12674,16,0,G,11,0,1,0,0,0,0,0,0,0,0,0,0,0,1,0,2,0,-35,
2816,12674,16,17,PG,29,5,9,55.6,6,6,100.0,1,5,20.0,1,3,4,6,5,1,2,0,+8,
189,12674,16,8,F,23,3,12,25.0,1,1,100.0,1,7,14.3,0,3,3,2,3,1,2,0,-14,
544,12674,16,14,PG,20,5,11,45.5,4,5,80.0,0,1,0,2,3,5,2,1,3,2,0,-26,
164,12674,8,8,G,18,3,7,42.9,0,0,0,2,3,66.7,1,1,2,6,3,0,0,0,+7,
1901,12674,8,2,PF,16,1,2,50.0,0,0,0,0,1,0,0,2,2,1,4,0,1,0,+3,
283,12674,8,11,SF,29,4,10,40.0,2,2,100.0,1,4,25.0,4,6,10,3,1,3,0,0,+36,
4044,12674,8,6,C,26,3,8,37.5,0,0,0,0,0,0,2,2,4,1,6,0,1,1,+15,
261,12674,8,27,PG,28,8,19,42.1,6,6,100.0,5,9,55.6,3,3,6,3,1,2,2,0,+12,
963,12674,8,44,PG,32,17,21,81.0,4,4,100.0,6,9,66.7,0,6,6,6,1,1,1,0,+32,
3407,12674,8,11,G,12,5,8,62.5,0,1,0,1,2,50.0,0,2,2,0,1,0,2,0,-8,
215,12674,8,17,SF,27,6,13,46.2,3,3,100.0,2,8,25.0,0,3,3,3,0,0,0,0,+20,
433,12674,8,9,C,22,2,3,66.7,5,5,100.0,0,0,0,4,1,5,4,3,1,1,0,+3,
123,12674,8,5,SG,7,1,2,50.0,2,3,66.7,1,2,50.0,0,0,0,0,0,0,0,0,-2,
2593,12674,8,3,SG,18,1,4,25.0,0,0,0,1,4,25.0,0,0,0,3,2,0,0,0,-15,
3960,12674,8,1,F,5,0,1,0,1,2,50.0,0,0,0,1,0,1,0,1,0,0,0,-13,
4044,12687,8,10,C,26,4,5,80.0,2,4,50.0,0,0,0,1,1,2,0,5,1,1,2,+13,
261,12687,8,35,PG,29,13,20,65.0,2,2,100.0,7,10,70.0,1,5,6,7,1,0,1,1,+9,
963,12687,8,30,PG,28,11,18,61.1,4,5,80.0,4,9,44.4,0,4,4,9,0,1,2,0,+14,
374,12687,8,0,PF,4,0,2,0,0,0,0,0,2,0,0,1,1,0,0,0,0,0,-8,
246,12687,8,2,F,4,1,1,100.0,0,0,0,0,0,0,0,1,1,0,1,0,0,0,-8,
433,12687,8,7,C,18,3,4,75.0,1,2,50.0,0,0,0,3,7,10,2,4,1,0,0,+7,
215,12687,8,15,SF,28,4,14,28.6,4,4,100.0,3,10,30.0,0,9,9,2,1,0,0,0,+14,
123,12687,8,0,SG,6,0,2,0,0,0,0,0,1,0,1,0,1,0,0,0,0,0,-11,
2593,12687,8,13,SG,28,5,11,45.5,0,0,0,3,7,42.9,0,2,2,3,1,2,1,0,+11,
283,12687,8,7,SF,22,2,6,33.3,1,2,50.0,2,6,33.3,0,1,1,2,0,0,1,0,+8,
3407,12687,8,7,G,7,3,6,50.0,0,0,0,1,4,25.0,1,1,2,2,1,0,0,0,-3,
3960,12687,8,4,F,6,1,3,33.3,2,2,100.0,0,2,0,0,0,0,0,2,0,0,0,-11,
164,12687,8,6,G,13,3,6,50.0,0,0,0,0,0,0,0,1,1,1,2,1,0,1,+6,
1901,12687,8,0,PF,22,0,4,0,0,0,0,0,2,0,1,1,2,1,1,1,0,2,+19,
2611,12687,23,5,PG,8,2,5,40.0,1,1,100.0,0,0,0,1,0,1,4,0,0,1,0,+14,
3486,12687,23,3,G,8,1,1,100.0,1,2,50.0,0,0,0,0,3,3,2,2,0,0,1,+16,
1902,12687,23,18,PF,27,7,11,63.6,4,8,50.0,0,0,0,1,1,2,4,3,1,6,0,-21,
260,12687,23,20,SF,31,9,17,52.9,1,4,25.0,1,3,33.3,0,5,5,5,2,0,1,0,-10,
4002,12687,23,10,G,28,3,13,23.1,2,2,100.0,2,9,22.2,0,2,2,2,1,0,2,0,-28,
3406,12687,23,17,G,31,7,12,58.3,0,0,0,3,6,50.0,2,7,9,4,3,0,3,0,-29,
525,12687,23,15,C,21,6,11,54.5,0,0,0,3,5,60.0,2,8,10,3,0,0,0,2,-13,
3195,12687,23,14,F,27,5,7,71.4,0,0,0,4,6,66.7,3,3,6,2,3,0,0,0,0,
2846,12687,23,11,F,26,4,8,50.0,0,0,0,3,5,60.0,1,5,6,1,2,1,1,0,+5,
2668,12687,23,8,SF,14,2,3,66.7,3,3,100.0,1,1,100.0,1,1,2,2,2,0,2,0,+4,
571,12687,23,3,C,13,1,2,50.0,1,2,50.0,0,0,0,1,4,5,2,1,0,1,0,+11,
385,12687,23,0,PF,7,0,2,0,0,0,0,0,1,0,1,2,3,0,1,0,1,0,-9,
246,12701,8,6,F,12,3,6,50.0,0,0,0,0,0,0,3,4,7,0,2,0,1,0,+8,
4044,12701,8,4,C,21,1,2,50.0,2,2,100.0,0,1,0,3,6,9,2,2,0,0,0,-8,
261,12701,8,17,PG,26,6,13,46.2,2,4,50.0,3,7,42.9,1,1,2,6,1,0,1,0,-14,
963,12701,8,16,PG,26,5,16,31.3,3,5,60.0,3,5,60.0,1,1,2,2,0,0,8,0,-26,
3960,12701,8,6,F,9,2,3,66.7,1,2,50.0,1,2,50.0,1,2,3,0,0,0,0,0,+7,
283,12701,8,7,SF,18,2,4,50.0,2,2,100.0,1,3,33.3,2,1,3,2,1,0,1,1,-10,
433,12701,8,4,C,11,2,4,50.0,0,0,0,0,0,0,3,4,7,1,1,0,1,1,-16,
123,12701,8,3,SG,13,0,4,0,3,3,100.0,0,4,0,0,3,3,2,1,3,1,0,+4,
2593,12701,8,2,SG,28,1,3,33.3,0,0,0,0,2,0,1,4,5,4,1,0,2,0,-14,
3407,12701,8,9,G,18,4,12,33.3,1,1,100.0,0,3,0,0,2,2,3,3,1,1,0,-2,
215,12701,8,17,SF,21,5,11,45.5,4,4,100.0,3,9,33.3,0,0,0,1,2,0,1,0,-26,
1901,12701,8,10,PF,24,3,6,50.0,1,2,50.0,3,4,75.0,0,1,1,0,0,0,2,1,-11,
164,12701,8,9,G,12,4,6,66.7,1,1,100.0,0,2,0,1,0,1,2,2,0,1,0,+3,
3486,12701,23,0,G,2,0,0,0,0,0,0,0,0,0,0,0,0,0,0,1,0,0,0,
1902,12701,23,19,PF,27,8,15,53.3,3,7,42.9,0,0,0,3,4,7,5,3,2,2,0,+10,
260,12701,23,25,SF,36,11,20,55.0,2,2,100.0,1,5,20.0,1,8,9,7,0,2,2,0,+18,
2822,12701,23,19,SF,31,6,8,75.0,5,6,83.3,2,4,50.0,1,3,4,4,5,5,2,2,+8,
525,12701,23,6,C,22,3,5,60.0,0,0,0,0,2,0,0,3,3,4,1,1,0,2,+23,
3406,12701,23,10,G,29,4,10,40.0,0,0,0,2,5,40.0,1,1,2,6,4,3,1,0,+11,
4002,12701,23,25,G,33,8,17,47.1,4,4,100.0,5,12,41.7,2,4,6,3,3,0,0,0,+13,
2846,12701,23,3,F,13,1,1,100.0,0,0,0,1,1,100.0,1,1,2,2,2,1,3,0,+2,
2668,12701,23,16,SF,21,5,9,55.6,5,5,100.0,1,4,25.0,2,2,4,2,2,1,1,2,+2,
571,12701,23,0,C,5,0,1,0,0,2,0,0,0,0,1,2,3,0,0,0,1,0,+1,
2611,12701,23,2,PG,2,1,1,100.0,0,0,0,0,0,0,0,0,0,0,0,0,0,0,0,
3195,12701,23,6,F,20,2,7,28.6,0,0,0,2,5,40.0,0,2,2,0,0,1,0,0,+17,
283,12706,8,20,SF,26,8,11,72.7,2,3,66.7,2,5,40.0,1,6,7,1,4,1,2,2,+5,
4044,12706,8,17,C,24,7,8,87.5,3,3,100.0,0,0,0,4,5,9,2,2,1,1,2,+16,
963,12706,8,26,PG,32,7,18,38.9,8,12,66.7,4,11,36.4,1,6,7,10,2,0,3,0,+12,
2593,12706,8,0,SG,37,0,4,0,0,0,0,0,4,0,1,3,4,1,1,1,0,0,+12,
246,12706,8,0,F,2,0,1,0,0,0,0,0,0,0,0,0,0,0,0,0,1,0,-5,
215,12706,8,31,SF,27,11,20,55.0,2,5,40.0,7,11,63.6,0,4,4,3,1,0,1,0,+17,
433,12706,8,2,C,7,1,1,100.0,0,0,0,0,0,0,0,1,1,2,1,0,0,0,+2,
164,12706,8,5,G,19,2,6,33.3,1,2,50.0,0,1,0,0,7,7,3,3,0,0,0,0,
3407,12706,8,2,G,4,1,2,50.0,0,1,0,0,0,0,0,0,0,0,0,1,1,0,-3,
1901,12706,8,10,PF,36,4,13,30.8,0,0,0,2,7,28.6,2,1,3,7,1,1,1,0,+14,
3960,12706,8,2,F,7,1,2,50.0,0,2,0,0,1,0,0,2,2,1,0,0,0,0,-2,
3484,12706,41,2,G,2,1,1,100.0,0,0,0,0,0,0,0,0,0,0,0,0,0,0,+5,
123,12706,8,15,SG,20,6,6,100.0,1,1,100.0,2,2,100.0,0,2,2,2,1,1,0,0,-3,
4036,12706,41,10,SG,28,4,5,80.0,0,0,0,2,2,100.0,0,8,8,2,3,0,0,1,-8,
820,12706,41,22,SF,30,6,18,33.3,8,10,80.0,2,6,33.3,2,4,6,3,1,0,2,0,-24,
1859,12706,41,10,C,24,5,6,83.3,0,1,0,0,0,0,2,7,9,2,1,0,0,0,-16,
285,12706,41,12,PG,22,6,7,85.7,0,0,0,0,1,0,0,3,3,2,1,0,0,0,-20,
1887,12706,41,16,SG,32,6,17,35.3,2,2,100.0,2,7,28.6,1,4,5,3,4,1,5,0,-10,
2564,12706,41,15,SF,24,5,6,83.3,2,2,100.0,3,4,75.0,1,2,3,4,4,3,0,0,+1,
2590,12706,41,0,PF,5,0,0,0,0,0,0,0,0,0,0,1,1,0,1,1,3,0,+9,
3413,12706,41,0,F,2,0,0,0,0,0,0,0,0,0,0,1,1,0,1,0,0,0,+5,
2825,12706,41,12,SF,26,3,8,37.5,3,4,75.0,3,7,42.9,0,1,1,4,3,0,0,0,+2,
1022,12706,41,4,SG,21,2,12,16.7,0,0,0,0,7,0,0,2,2,1,2,0,0,0,-12,
181,12706,41,10,PF,18,3,6,50.0,4,4,100.0,0,2,0,2,4,6,1,0,0,2,0,-8,
3428,12706,41,4,G,7,2,3,66.7,0,0,0,0,0,0,0,1,1,1,1,1,0,0,+11,
164,12730,8,6,G,11,3,5,60.0,0,0,0,0,2,0,0,1,1,1,0,0,0,0,+5,
283,12730,8,0,SF,19,0,7,0,0,0,0,0,2,0,2,6,8,1,1,0,2,0,0,
2593,12730,8,3,SG,20,1,3,33.3,0,0,0,1,3,33.3,1,3,4,3,1,0,0,0,-27,
123,12730,8,2,SG,9,1,2,50.0,0,0,0,0,1,0,0,1,1,0,0,0,0,0,-10,
433,12730,8,3,C,24,1,2,50.0,1,1,100.0,0,0,0,0,3,3,1,3,0,0,0,-6,
215,12730,8,17,SF,26,6,14,42.9,1,1,100.0,4,10,40.0,0,2,2,2,0,0,1,0,0,
963,12730,8,35,PG,35,15,26,57.7,1,4,25.0,4,9,44.4,1,8,9,9,1,0,3,0,-17,
261,12730,8,39,PG,34,16,29,55.2,4,4,100.0,3,10,30.0,1,3,4,6,4,1,2,0,+13,
4044,12730,8,6,C,24,3,4,75.0,0,0,0,0,0,0,3,7,10,2,5,0,3,1,-1,
1901,12730,8,14,PF,38,5,11,45.5,0,0,0,4,10,40.0,3,4,7,2,1,0,1,1,+8,
115,12730,21,16,SG,35,6,12,50.0,0,0,0,4,9,44.4,2,3,5,3,1,2,2,0,+22,
417,12730,21,11,PG,17,4,5,80.0,0,0,0,3,4,75.0,0,2,2,2,4,1,0,0,+10,
431,12730,21,11,F,22,5,10,50.0,0,0,0,1,2,50.0,1,6,7,2,0,0,0,0,+7,
4047,12730,21,0,G,12,0,1,0,0,0,0,0,0,0,0,0,0,2,1,0,0,0,-11,
46,12730,21,7,SG,34,3,9,33.3,0,0,0,1,6,16.7,0,6,6,0,3,1,0,0,+5,
319,12730,21,27,PG,38,7,18,38.9,9,10,90.0,4,11,36.4,0,3,3,12,2,1,1,0,-6,
323,12730,21,12,C,34,3,8,37.5,5,5,100.0,1,6,16.7,0,3,3,0,1,1,0,2,+8,
20,12730,21,40,PF,38,18,26,69.2,3,5,60.0,1,3,33.3,2,13,15,7,3,2,3,1,-7,
3443,12730,21,8,G,11,3,5,60.0,0,0,0,2,4,50.0,0,0,0,1,1,0,0,0,+7,
3475,12737,30,17,SF,33,7,13,53.8,1,1,100.0,2,7,28.6,3,0,3,4,5,1,1,0,+21,
776,12737,30,30,PG,31,10,20,50.0,4,5,80.0,6,10,60.0,1,3,4,7,1,3,0,0,+2,
2803,12737,30,13,SG,33,5,8,62.5,0,0,0,3,4,75.0,0,8,8,4,3,2,1,0,+6,
4022,12737,30,7,F,13,3,5,60.0,0,0,0,1,2,50.0,1,0,1,1,2,0,1,1,+2,
4021,12737,30,0,F,4,0,0,0,0,0,0,0,0,0,0,1,1,0,0,0,0,0,-3,
3436,12737,30,0,G,9,0,0,0,0,0,0,0,0,0,1,3,4,0,1,0,0,0,+9,
353,12737,30,6,C,9,2,4,50.0,2,2,100.0,0,0,0,2,5,7,1,1,1,1,1,+3,
2834,12737,30,0,PG,9,0,3,0,0,0,0,0,1,0,0,0,0,1,0,0,2,0,+1,
842,12737,30,12,SG,18,4,9,44.4,0,0,0,4,6,66.7,0,2,2,3,2,1,2,1,+9,
4020,12737,30,0,G,4,0,1,0,0,0,0,0,1,0,0,0,0,0,2,0,0,0,-3,
36,12737,30,12,SF,34,4,11,36.4,3,3,100.0,1,7,14.3,2,2,4,6,1,1,3,0,+17,
2805,12737,30,0,SF,9,0,1,0,0,0,0,0,0,0,1,0,1,1,0,0,0,0,0,
463,12737,30,32,PF,35,13,15,86.7,6,10,60.0,0,2,0,3,10,13,6,2,0,1,0,+16,
283,12737,8,6,SF,19,2,4,50.0,1,1,100.0,1,2,50.0,0,2,2,0,0,0,1,0,-21,
164,12737,8,8,G,15,4,5,80.0,0,0,0,0,1,0,0,2,2,4,0,0,0,0,-3,
4044,12737,8,6,C,29,3,6,50.0,0,0,0,0,0,0,5,4,9,0,3,1,1,2,-16,
261,12737,8,23,PG,33,8,17,47.1,5,5,100.0,2,6,33.3,0,2,2,1,2,0,1,0,-19,
963,12737,8,25,PG,32,7,19,36.8,8,10,80.0,3,7,42.9,1,9,10,7,0,3,2,0,-14,
374,12737,8,2,PF,5,1,4,25.0,0,0,0,0,2,0,0,0,0,1,0,0,0,0,+5,
1901,12737,8,7,PF,20,3,6,50.0,0,2,0,1,4,25.0,2,1,3,2,1,0,1,0,-7,
3960,12737,8,0,F,5,0,1,0,0,0,0,0,1,0,0,3,3,0,0,0,0,0,+5,
215,12737,8,14,SF,27,5,11,45.5,2,2,100.0,2,4,50.0,0,2,2,2,3,0,0,0,-9,
433,12737,8,0,C,13,0,0,0,0,0,0,0,0,0,0,1,1,1,1,1,2,0,-5,
2593,12737,8,11,SG,26,4,8,50.0,1,2,50.0,2,5,40.0,1,3,4,5,2,2,1,0,-1,
246,12737,8,7,F,5,3,3,100.0,1,2,50.0,0,0,0,2,0,2,0,1,0,0,0,+5,
3407,12737,8,4,G,10,1,4,25.0,1,2,50.0,1,2,50.0,0,0,0,0,2,1,1,0,0,
4044,12768,8,2,C,19,1,3,33.3,0,0,0,0,0,0,4,6,10,3,0,0,1,0,+1,
3407,12768,8,2,G,7,1,5,20.0,0,0,0,0,1,0,0,0,0,0,0,0,0,0,-2,
164,12768,8,4,G,9,2,5,40.0,0,0,0,0,2,0,0,0,0,0,2,0,0,0,+7,
2593,12768,8,15,SG,22,6,10,60.0,0,0,0,3,6,50.0,0,3,3,1,1,0,0,0,+10,
123,12768,8,0,SG,0,0,0,0,0,0,0,0,0,0,0,0,0,0,0,0,0,0,+2,
433,12768,8,0,C,5,0,0,0,0,0,0,0,0,0,0,0,0,1,2,0,1,0,-3,
215,12768,8,7,SF,30,2,10,20.0,1,2,50.0,2,8,25.0,1,1,2,3,0,1,0,0,+11,
246,12768,8,4,F,23,1,2,50.0,2,4,50.0,0,0,0,3,7,10,1,3,0,0,1,+3,
963,12768,8,30,PG,39,10,26,38.5,7,8,87.5,3,12,25.0,0,12,12,8,2,2,0,0,-11,
261,12768,8,28,PG,35,11,22,50.0,2,2,100.0,4,8,50.0,1,5,6,2,0,2,2,0,+14,
283,12768,8,6,SF,19,2,4,50.0,0,0,0,2,4,50.0,1,1,2,0,4,0,0,2,-10,
2845,12768,17,17,SG,31,7,14,50.0,2,3,66.7,1,5,20.0,1,5,6,6,5,0,2,0,-3,
1864,12768,17,2,C,11,1,1,100.0,0,2,0,0,0,0,1,3,4,0,1,0,0,0,+7,
560,12768,17,1,F,15,0,1,0,1,2,50.0,0,0,0,0,5,5,1,1,0,0,0,-15,
1862,12768,17,9,PF,26,4,11,36.4,0,0,0,1,2,50.0,2,1,3,1,3,0,1,0,-8,
3427,12768,17,7,G,23,3,7,42.9,0,0,0,1,4,25.0,0,2,2,0,0,0,0,0,-19,
462,12768,17,15,PG,24,5,11,45.5,3,3,100.0,2,4,50.0,0,3,3,5,1,0,1,1,+1,
265,12768,17,26,SF,36,9,19,47.4,4,7,57.1,4,9,44.4,2,7,9,7,0,0,3,0,+7,
437,12768,17,14,PF,37,6,10,60.0,0,0,0,2,5,40.0,1,5,6,2,3,0,1,0,+15,
126,12768,17,10,PF,36,4,10,40.0,2,2,100.0,0,0,0,2,11,13,4,3,1,3,1,0,
1901,12768,8,6,PF,32,2,9,22.2,0,0,0,2,9,22.2,1,2,3,2,4,0,0,1,-7,
283,12784,8,4,SF,20,1,5,20.0,1,2,50.0,1,3,33.3,0,1,1,1,1,1,0,1,-26,
261,12784,8,26,PG,32,11,22,50.0,1,1,100.0,3,7,42.9,0,6,6,3,3,1,1,0,+1,
963,12784,8,30,PG,38,12,27,44.4,5,5,100.0,1,8,12.5,0,3,3,4,4,2,4,2,-14,
3960,12784,8,0,F,6,0,2,0,0,0,0,0,2,0,0,0,0,0,0,1,0,0,-1,
215,12784,8,12,SF,29,5,14,35.7,0,0,0,2,9,22.2,0,3,3,0,2,0,1,0,-9,
3407,12784,8,4,G,8,1,3,33.3,2,2,100.0,0,1,0,2,2,4,1,0,0,1,0,+1,
123,12784,8,3,SG,8,1,5,20.0,0,0,0,1,4,25.0,0,0,0,0,2,0,0,0,-4,
2593,12784,8,0,SG,9,0,2,0,0,0,0,0,1,0,0,1,1,1,2,0,0,0,-15,
164,12784,8,2,G,18,1,4,25.0,0,0,0,0,1,0,3,5,8,2,1,1,1,0,+4,
246,12784,8,0,F,21,0,4,0,0,2,0,0,0,0,2,3,5,1,3,0,0,2,-6,
433,12784,8,2,C,15,0,0,0,2,2,100.0,0,0,0,0,2,2,3,2,0,0,0,-17,
1901,12784,8,5,PF,35,2,3,66.7,0,0,0,1,2,50.0,3,1,4,1,4,0,1,0,-9,
434,12784,16,15,G,25,4,4,100.0,4,4,100.0,3,3,100.0,0,3,3,1,2,0,1,0,+2,
3983,12784,16,0,G,5,0,2,0,0,0,0,0,1,0,1,2,3,0,0,0,0,0,-1,
189,12784,16,25,F,36,9,19,47.4,5,5,100.0,2,5,40.0,1,8,9,4,4,0,1,0,+19,
575,12784,16,11,C,23,5,8,62.5,1,5,20.0,0,0,0,4,10,14,1,1,0,1,0,+18,
216,12784,16,8,SG,28,2,8,25.0,2,2,100.0,2,6,33.3,0,4,4,7,1,1,2,2,+14,
1877,12784,16,17,SG,32,7,14,50.0,3,4,75.0,0,4,0,2,1,3,1,0,0,0,1,+19,
520,12784,16,0,PF,8,0,0,0,0,0,0,0,0,0,0,1,1,0,2,0,0,0,+3,
314,12784,16,8,SF,29,2,12,16.7,4,4,100.0,0,5,0,0,6,6,3,1,0,2,2,+24,
886,12784,16,5,C,16,2,6,33.3,1,2,50.0,0,1,0,2,1,3,0,2,0,1,1,-1,
544,12784,16,14,PG,25,6,9,66.7,2,3,66.7,0,1,0,4,4,8,7,2,0,2,0,+1,
2816,12784,16,3,PG,4,1,4,25.0,0,0,0,1,3,33.3,0,0,0,0,0,0,2,0,-1,
2115,12784,16,0,SG,5,0,0,0,0,0,0,0,0,0,1,0,1,1,1,0,0,0,-1,
3431,12784,16,1,F,5,0,2,0,1,2,50.0,0,0,0,2,0,2,0,0,1,0,0,-1,
3489,12804,14,16,PF,37,7,11,63.6,0,0,0,2,5,40.0,1,8,9,2,2,0,1,1,-5,
979,12804,14,8,G,21,3,8,37.5,0,0,0,2,4,50.0,1,3,4,4,3,0,1,0,-6,
2650,12804,14,5,SF,11,1,2,50.0,3,3,100.0,0,1,0,1,1,2,2,2,1,0,0,-3,
3435,12804,14,11,F,21,4,7,57.1,3,5,60.0,0,0,0,2,6,8,0,4,0,2,2,+9,
207,12804,14,6,PF,13,2,2,100.0,2,2,100.0,0,0,0,0,0,0,1,1,0,2,0,+2,
2810,12804,14,12,SG,34,5,14,35.7,0,0,0,2,6,33.3,1,2,3,5,4,0,2,1,+5,
527,12804,14,10,PG,41,3,9,33.3,3,3,100.0,1,7,14.3,0,4,4,12,3,1,0,1,-12,
2847,12804,14,31,C,35,10,19,52.6,11,14,78.6,0,2,0,4,5,9,6,2,0,3,1,-8,
749,12804,14,16,SF,28,7,13,53.8,1,2,50.0,1,4,25.0,0,1,1,1,6,0,1,0,-12,
3407,12804,8,0,G,4,0,1,0,0,0,0,0,0,0,0,0,0,0,0,0,0,0,-2,
164,12804,8,12,G,15,3,4,75.0,5,8,62.5,1,2,50.0,1,0,1,3,0,1,2,0,+2,
123,12804,8,0,SG,0,0,0,0,0,0,0,0,0,0,0,0,0,0,0,0,0,0,0,
433,12804,8,0,C,3,0,0,0,0,0,0,0,0,0,0,0,0,0,0,0,0,0,-1,
283,12804,8,15,SF,34,5,7,71.4,3,3,100.0,2,3,66.7,3,3,6,1,4,1,0,0,+11,
215,12804,8,11,SF,22,4,12,33.3,0,0,0,3,8,37.5,1,0,1,0,0,0,0,0,+1,
246,12804,8,2,F,13,1,1,100.0,0,0,0,0,0,0,0,3,3,0,4,0,2,0,+2,
2593,12804,8,5,SG,30,2,4,50.0,0,0,0,1,1,100.0,1,6,7,2,4,0,1,1,+12,
963,12804,8,41,PG,38,15,29,51.7,8,9,88.9,3,10,30.0,0,9,9,9,3,2,0,0,+12,
261,12804,8,27,PG,36,8,22,36.4,9,9,100.0,2,7,28.6,1,1,2,5,1,1,0,1,-9,
4044,12804,8,8,C,28,4,4,100.0,0,0,0,0,0,0,2,3,5,2,5,0,0,2,-2,
1901,12804,8,0,PF,18,0,5,0,0,0,0,0,3,0,0,4,4,3,4,0,2,0,+2,
456,12825,19,6,PG,20,3,7,42.9,0,0,0,0,2,0,0,2,2,3,3,1,1,0,+21,
2568,12825,19,30,SG,34,11,20,55.0,4,6,66.7,4,6,66.7,2,2,4,5,2,1,4,2,+13,
2786,12825,19,17,PF,33,7,10,70.0,2,2,100.0,1,4,25.0,5,7,12,3,1,1,1,1,+17,
2656,12825,19,4,F,22,2,6,33.3,0,0,0,0,3,0,0,2,2,2,0,2,0,2,+9,
2864,12825,19,3,F,10,1,2,50.0,0,0,0,1,1,100.0,0,0,0,1,1,1,2,0,-8,
3508,12825,19,15,G,26,6,9,66.7,0,0,0,3,6,50.0,2,7,9,3,4,0,1,2,+11,
2177,12825,19,0,SG,2,0,0,0,0,0,0,0,0,0,0,0,0,0,1,0,0,0,-4,
626,12825,19,0,G,2,0,0,0,0,0,0,0,0,0,0,1,1,0,0,0,0,0,-4,
3892,12825,19,0,G,2,0,0,0,0,0,0,0,0,0,0,0,0,0,0,0,0,0,-4,
54,12825,19,4,C,23,2,3,66.7,0,0,0,0,0,0,1,5,6,4,2,0,2,2,+10,
3463,12825,19,0,F,2,0,2,0,0,0,0,0,0,0,0,2,2,0,0,0,0,0,-4,
3483,12825,19,6,F,24,2,9,22.2,2,2,100.0,0,3,0,1,5,6,3,2,1,1,1,+12,
1882,12825,19,19,SG,26,8,14,57.1,1,1,100.0,2,6,33.3,1,3,4,1,2,1,1,0,+1,
3407,12825,8,8,G,21,4,9,44.4,0,2,0,0,4,0,2,3,5,5,1,1,2,0,-10,
982,12825,19,4,PF,14,2,8,25.0,0,0,0,0,3,0,1,3,4,2,5,0,1,2,0,
1901,12825,8,16,PF,31,4,12,33.3,5,6,83.3,3,9,33.3,2,6,8,3,3,1,1,1,-18,
4044,12825,8,4,C,23,2,5,40.0,0,0,0,0,0,0,1,4,5,1,1,1,2,2,-8,
261,12825,8,10,PG,36,3,15,20.0,4,5,80.0,0,5,0,0,5,5,5,2,0,1,0,-6,
2593,12825,8,10,SG,31,4,10,40.0,1,1,100.0,1,3,33.3,0,2,2,5,0,3,3,0,-6,
283,12825,8,16,SF,31,6,14,42.9,0,0,0,4,7,57.1,3,1,4,1,1,1,1,0,-23,
246,12825,8,5,F,18,2,4,50.0,1,2,50.0,0,0,0,3,4,7,2,1,1,1,2,+5,
3960,12825,8,2,F,11,0,1,0,2,2,100.0,0,1,0,0,0,0,2,0,0,0,0,+4,
123,12825,8,12,SG,16,5,10,50.0,0,0,0,2,4,50.0,0,2,2,2,2,1,0,0,-5,
2890,12825,8,1,G,4,0,1,0,1,2,50.0,0,1,0,0,1,1,0,0,0,0,0,+4,
3959,12825,8,4,G,4,2,4,50.0,0,1,0,0,1,0,0,0,0,0,0,0,0,0,+4,
374,12825,8,6,PF,14,2,7,28.6,0,0,0,2,4,50.0,2,1,3,1,2,0,0,0,-11,
4009,12835,25,15,G,20,6,12,50.0,1,2,50.0,2,7,28.6,2,4,6,0,3,0,0,0,0,
3504,12835,25,23,F,30,9,19,47.4,2,2,100.0,3,5,60.0,2,3,5,5,3,1,1,0,-2,
2863,12835,25,0,SG,10,0,1,0,0,0,0,0,0,0,0,0,0,0,0,0,0,0,0,
1044,12835,25,5,SF,11,2,4,50.0,0,0,0,1,1,100.0,3,3,6,0,1,0,2,0,-13,
52,12835,25,15,SF,11,3,3,100.0,6,6,100.0,3,3,100.0,0,1,1,1,3,1,0,0,+16,
3505,12835,25,14,F,15,4,6,66.7,2,2,100.0,4,5,80.0,1,2,3,0,1,0,1,0,+16,
2040,12835,25,10,G,33,4,13,30.8,1,2,50.0,1,6,16.7,1,4,5,3,4,0,2,0,-10,
2808,12835,25,10,SG,17,4,13,30.8,0,0,0,2,6,33.3,2,1,3,1,1,0,2,0,+1,
972,12835,25,17,PG,39,6,13,46.2,3,4,75.0,2,3,66.7,1,2,3,9,4,5,2,1,+8,
3448,12835,25,11,PF,30,4,10,40.0,3,4,75.0,0,3,0,3,8,11,3,3,1,2,4,+4,
2604,12835,25,6,SG,25,2,6,33.3,0,0,0,2,5,40.0,1,6,7,2,1,0,0,0,+10,
3959,12835,8,0,G,3,0,2,0,0,0,0,0,2,0,1,1,2,0,0,0,0,0,-11,
1901,12835,8,5,PF,27,1,6,16.7,3,4,75.0,0,4,0,1,0,1,1,3,0,0,0,-7,
283,12835,8,24,SF,33,8,15,53.3,2,2,100.0,6,12,50.0,1,3,4,1,3,1,3,1,-1,
4044,12835,8,20,C,39,9,9,100.0,2,5,40.0,0,0,0,6,10,16,0,2,1,2,7,+12,
963,12835,8,36,PG,46,11,22,50.0,9,14,64.3,5,13,38.5,2,13,15,18,2,2,7,2,-7,
3407,12835,8,6,G,15,2,6,33.3,1,2,50.0,1,4,25.0,0,2,2,0,5,0,2,0,-17,
246,12835,8,1,F,5,0,0,0,1,2,50.0,0,0,0,0,1,1,0,0,0,0,0,-9,
3960,12835,8,2,F,14,0,2,0,2,2,100.0,0,1,0,1,0,1,1,2,0,0,0,-4,
433,12835,8,2,C,4,0,0,0,2,2,100.0,0,0,0,0,0,0,0,1,0,1,0,-9,
2890,12835,8,12,G,19,4,10,40.0,1,2,50.0,3,7,42.9,0,0,0,2,1,0,0,1,+9,
123,12835,8,12,SG,36,4,15,26.7,0,0,0,4,9,44.4,3,2,5,3,2,1,0,1,+14,
283,12847,8,5,SF,6,2,4,50.0,1,1,100.0,0,2,0,0,2,2,0,0,0,0,3,+6,
2890,12847,8,4,G,14,2,7,28.6,0,0,0,0,4,0,1,0,1,1,0,0,1,0,+1,
433,12847,8,2,C,12,1,2,50.0,0,0,0,0,0,0,1,1,2,2,3,0,1,0,+4,
3960,12847,8,11,F,18,4,7,57.1,0,0,0,3,6,50.0,0,4,4,2,2,0,1,1,-5,
374,12847,8,6,PF,21,2,5,40.0,0,0,0,2,4,50.0,1,2,3,2,1,2,2,1,+5,
164,12847,8,16,G,35,6,11,54.5,3,4,75.0,1,4,25.0,1,3,4,6,3,2,3,1,+2,
123,12847,8,6,SG,20,2,5,40.0,1,1,100.0,1,3,33.3,1,2,3,2,1,1,0,0,+8,
963,12847,8,35,PG,44,9,21,42.9,12,13,92.3,5,10,50.0,0,8,8,6,3,2,3,2,+3,
4044,12847,8,16,C,35,8,9,88.9,0,0,0,0,0,0,5,11,16,2,3,0,4,1,+5,
3407,12847,8,19,G,34,7,15,46.7,0,0,0,5,7,71.4,0,0,0,4,1,1,2,0,+6,
1882,12847,19,0,SG,8,0,2,0,0,0,0,0,1,0,0,0,0,2,0,0,1,0,+1,
2177,12847,19,6,SG,25,2,5,40.0,0,0,0,2,5,40.0,2,4,6,2,2,1,2,1,-2,
54,12847,19,2,C,12,1,1,100.0,0,0,0,0,0,0,1,1,2,1,1,0,2,1,-10,
2864,12847,19,5,F,16,2,5,40.0,0,0,0,1,3,33.3,1,2,3,1,2,1,0,0,-4,
2656,12847,19,0,F,7,0,1,0,0,2,0,0,0,0,0,0,0,0,0,1,0,0,-9,
2568,12847,19,28,SG,39,11,20,55.0,3,3,100.0,3,9,33.3,1,2,3,8,4,1,5,0,+1,
456,12847,19,7,PG,17,2,7,28.6,2,2,100.0,1,3,33.3,0,3,3,4,1,0,2,0,-10,
3483,12847,19,8,F,29,3,9,33.3,1,2,50.0,1,5,20.0,2,4,6,2,1,1,1,0,+1,
2786,12847,19,6,PF,20,2,6,33.3,0,0,0,2,5,40.0,0,2,2,3,2,2,1,1,-1,
982,12847,19,41,PF,42,15,29,51.7,5,5,100.0,6,10,60.0,0,4,4,2,3,2,2,2,-2,
3508,12847,19,10,G,26,3,4,75.0,2,2,100.0,2,3,66.7,3,6,9,1,3,0,1,0,0,
437,12854,17,15,PF,37,5,6,83.3,0,0,0,5,6,83.3,0,4,4,4,0,0,1,0,+5,
265,12854,17,33,SF,40,14,27,51.9,2,3,66.7,3,8,37.5,2,6,8,9,1,3,4,1,-4,
1889,12854,17,4,SF,22,2,4,50.0,0,0,0,0,0,0,1,2,3,2,3,0,2,1,-10,
462,12854,17,7,PG,25,3,9,33.3,0,0,0,1,4,25.0,0,2,2,7,4,0,2,0,-6,
126,12854,17,37,PF,37,15,21,71.4,6,10,60.0,1,2,50.0,5,6,11,0,2,0,2,2,0,
1864,12854,17,0,C,13,0,1,0,0,0,0,0,0,0,2,2,4,1,4,0,0,0,-1,
2845,12854,17,22,SG,32,7,14,50.0,4,5,80.0,4,7,57.1,0,5,5,8,2,0,3,0,+4,
3427,12854,17,0,G,6,0,0,0,0,0,0,0,0,0,0,0,0,1,1,0,0,0,+5,
1862,12854,17,7,PF,29,3,9,33.3,0,0,0,1,2,50.0,0,3,3,2,3,1,1,0,-3,
3407,12854,8,2,G,19,1,7,14.3,0,0,0,0,3,0,0,1,1,1,2,0,1,0,0,
1901,12854,8,19,PF,40,7,9,77.8,0,0,0,5,7,71.4,1,2,3,1,4,1,1,0,+7,
215,12854,8,32,SF,37,10,21,47.6,7,8,87.5,5,10,50.0,1,2,3,3,2,1,0,0,-6,
4044,12854,8,8,C,30,4,7,57.1,0,0,0,0,0,0,4,4,8,0,4,2,1,3,+8,
963,12854,8,33,PG,43,12,28,42.9,6,6,100.0,3,10,30.0,0,6,6,17,0,1,4,0,+10,
123,12854,8,3,SG,12,1,2,50.0,0,0,0,1,2,50.0,1,1,2,0,0,0,0,1,+4,
2890,12854,8,0,G,-,0,0,0,0,0,0,0,0,0,0,0,0,0,0,0,0,0,-3,
374,12854,8,0,PF,6,0,2,0,0,0,0,0,2,0,0,2,2,1,0,1,0,0,-10,
246,12854,8,4,F,15,1,3,33.3,2,3,66.7,0,0,0,3,4,7,2,3,0,2,0,-4,
3960,12854,8,0,F,1,0,0,0,0,0,0,0,0,0,0,0,0,0,0,0,0,0,-3,
164,12854,8,26,G,36,8,10,80.0,3,4,75.0,7,9,77.8,2,2,4,3,2,1,1,1,+7,
3474,12869,22,0,G,2,0,0,0,0,0,0,0,0,0,0,0,0,0,1,0,0,0,-1,
1845,12869,22,13,SG,20,5,6,83.3,0,0,0,3,4,75.0,1,0,1,1,2,0,1,1,+20,
1001,12869,22,2,SG,2,1,1,100.0,0,0,0,0,0,0,0,0,0,0,0,0,0,0,-1,
997,12869,22,0,PG,2,0,0,0,0,0,0,0,0,0,0,0,0,1,0,0,0,0,-1,
2146,12869,22,27,C,31,8,14,57.1,4,4,100.0,7,11,63.6,2,4,6,3,2,1,2,0,+16,
945,12869,22,5,SF,15,2,4,50.0,0,0,0,1,3,33.3,0,1,1,1,0,0,0,0,-2,
18,12869,22,6,SF,18,3,7,42.9,0,0,0,0,1,0,0,2,2,2,2,2,1,1,+4,
3470,12869,22,3,F,2,1,1,100.0,1,1,100.0,0,0,0,0,0,0,0,0,0,0,0,-1,
2584,12869,22,9,SG,35,3,19,15.8,3,6,50.0,0,3,0,1,1,2,11,2,2,5,0,+20,
519,12869,22,21,C,31,8,14,57.1,4,5,80.0,1,3,33.3,5,12,17,2,1,0,3,0,+11,
192,12869,22,8,C,30,3,4,75.0,2,6,33.3,0,0,0,2,10,12,5,4,3,2,1,+11,
3407,12869,8,5,G,13,2,4,50.0,0,0,0,1,2,50.0,0,2,2,1,0,0,0,0,-1,
114,12869,22,14,PG,29,5,9,55.6,2,2,100.0,2,4,50.0,0,2,2,3,2,1,1,0,+7,
1901,12869,8,5,PF,36,2,11,18.2,0,0,0,1,7,14.3,0,3,3,1,3,1,1,0,-14,
2890,12869,8,2,G,2,1,1,100.0,0,0,0,0,0,0,0,0,0,0,0,0,0,0,+1,
283,12869,8,3,SF,30,1,8,12.5,0,0,0,1,6,16.7,0,4,4,0,3,2,0,0,-25,
4044,12869,8,15,C,32,7,9,77.8,1,2,50.0,0,0,0,3,3,6,0,3,1,2,2,-12,
963,12869,8,39,PG,39,15,27,55.6,7,7,100.0,2,7,28.6,1,5,6,13,2,2,8,0,-12,
164,12869,8,14,G,28,5,6,83.3,2,2,100.0,2,3,66.7,0,4,4,4,2,0,2,0,+7,
2621,12869,22,11,PF,24,5,9,55.6,1,1,100.0,0,2,0,1,1,2,1,3,0,0,1,+7,
2795,12869,8,0,PF,2,0,0,0,0,0,0,0,0,0,0,0,0,1,0,0,0,0,+1,
246,12869,8,0,F,3,0,0,0,0,0,0,0,0,0,0,0,0,0,0,0,0,0,-4,
3960,12869,8,2,F,3,1,1,100.0,0,0,0,0,0,0,0,0,0,0,0,0,0,0,+1,
215,12869,8,10,SF,32,4,15,26.7,2,3,66.7,0,7,0,0,4,4,0,2,0,2,0,-30,
433,12869,8,4,C,7,0,0,0,4,4,100.0,0,0,0,0,4,4,0,1,0,0,0,+4,
374,12869,8,2,PF,13,1,1,100.0,0,0,0,0,0,0,0,1,1,1,3,0,0,0,-6,
963,12889,8,40,PG,37,15,28,53.6,6,6,100.0,4,12,33.3,2,10,12,10,3,1,4,0,-4,
164,12889,8,18,G,27,8,11,72.7,1,1,100.0,1,2,50.0,0,2,2,3,3,1,2,0,+14,
374,12889,8,10,PF,20,4,9,44.4,0,0,0,2,5,40.0,0,5,5,4,0,1,2,0,+8,
2795,12889,8,0,PF,1,0,0,0,0,0,0,0,0,0,0,0,0,0,0,0,0,0,0,
433,12889,8,6,C,22,2,3,66.7,2,3,66.7,0,0,0,4,1,5,0,2,0,0,1,+7,
215,12889,8,25,SF,36,8,21,38.1,4,4,100.0,5,15,33.3,0,6,6,1,0,1,1,0,+12,
123,12889,8,7,SG,14,2,6,33.3,1,1,100.0,2,3,66.7,0,2,2,1,3,0,1,0,+19,
2890,12889,8,0,G,1,0,0,0,0,0,0,0,0,0,0,0,0,0,0,0,0,0,0,
3407,12889,8,4,G,6,2,2,100.0,0,0,0,0,0,0,0,3,3,0,1,0,0,0,+5,
3960,12889,8,0,F,6,0,1,0,0,0,0,0,1,0,2,3,5,1,0,0,0,0,+3,
4044,12889,8,0,C,6,0,1,0,0,0,0,0,0,0,1,1,2,0,0,0,0,0,-4,
1901,12889,8,3,PF,31,1,4,25.0,1,1,100.0,0,3,0,1,3,4,3,4,1,1,1,-2,
3408,12889,29,13,G,24,5,10,50.0,2,2,100.0,1,1,100.0,0,3,3,2,3,0,3,1,-8,
4015,12889,29,8,F,20,3,7,42.9,2,2,100.0,0,4,0,0,3,3,1,3,1,0,0,+7,
200,12889,29,27,SF,38,12,20,60.0,2,3,66.7,1,4,25.0,1,4,5,1,2,0,0,0,-8,
930,12889,29,7,C,27,3,5,60.0,1,2,50.0,0,0,0,3,7,10,2,3,2,1,0,+1,
1023,12889,29,33,SG,35,13,22,59.1,5,5,100.0,2,8,25.0,2,6,8,6,2,2,3,0,+4,
283,12889,8,18,SF,33,6,11,54.5,4,5,80.0,2,6,33.3,1,0,1,4,1,2,1,0,-3,
3496,12889,29,0,F,5,0,1,0,0,0,0,0,1,0,0,2,2,0,0,0,0,0,-2,
4018,12889,29,11,C,15,3,9,33.3,5,5,100.0,0,3,0,3,2,5,1,0,0,0,0,-8,
71,12889,29,9,PG,24,4,7,57.1,0,0,0,1,4,25.0,0,2,2,2,4,1,1,0,-23,
1896,12889,29,5,SG,19,2,6,33.3,0,0,0,1,4,25.0,1,3,4,0,0,2,1,1,-18,
3487,12889,29,7,SG,32,2,7,28.6,2,3,66.7,1,3,33.3,0,2,2,2,4,0,2,0,0,
433,12904,8,8,C,23,4,6,66.7,0,0,0,0,0,0,6,2,8,0,4,0,1,0,-17,
963,12904,8,38,PG,36,13,24,54.2,6,10,60.0,6,12,50.0,3,8,11,8,1,0,3,0,-29,
164,12904,8,11,G,23,5,5,100.0,0,0,0,1,1,100.0,0,1,1,2,3,0,1,0,-14,
374,12904,8,2,PF,13,1,3,33.3,0,0,0,0,2,0,0,3,3,0,1,0,0,0,-11,
2795,12904,8,5,PF,9,2,2,100.0,1,5,20.0,0,0,0,1,1,2,0,1,0,1,0,+1,
3960,12904,8,2,F,20,1,5,20.0,0,0,0,0,2,0,1,3,4,3,1,0,0,0,-6,
215,12904,8,8,SF,22,3,12,25.0,0,0,0,2,9,22.2,0,2,2,1,2,0,2,0,-7,
123,12904,8,0,SG,7,0,0,0,0,0,0,0,0,0,0,0,0,0,2,0,0,0,-1,
283,12904,8,6,SF,24,3,9,33.3,0,0,0,0,5,0,0,1,1,1,0,2,1,0,-11,
3407,12904,8,9,G,19,3,9,33.3,1,2,50.0,2,3,66.7,0,1,1,4,1,0,1,0,-13,
246,12904,8,2,F,7,1,5,20.0,0,0,0,0,0,0,2,3,5,0,0,0,0,0,0,
2890,12904,8,6,G,15,2,4,50.0,1,2,50.0,1,2,50.0,1,1,2,0,2,0,1,0,-9,
3966,12904,9,12,G,21,5,10,50.0,0,0,0,2,4,50.0,0,3,3,2,1,1,0,0,+9,
3420,12904,9,6,G,20,2,4,50.0,2,3,66.7,0,1,0,0,4,4,1,4,0,1,0,+19,
1901,12904,8,7,PF,22,3,8,37.5,0,0,0,1,2,50.0,1,2,3,0,2,0,0,0,-13,
1014,12904,9,8,SF,23,3,8,37.5,0,0,0,2,3,66.7,2,2,4,1,1,0,2,0,+13,
279,12904,9,8,C,28,3,8,37.5,2,2,100.0,0,1,0,1,8,9,7,2,2,2,0,+16,
383,12904,9,22,PG,25,8,14,57.1,2,2,100.0,4,4,100.0,0,4,4,2,1,1,2,1,+18,
89,12904,9,9,SG,26,4,6,66.7,0,0,0,1,2,50.0,1,2,3,2,0,0,0,0,+17,
195,12904,9,21,PF,24,7,9,77.8,5,6,83.3,2,3,66.7,1,4,5,5,1,1,0,0,+18,
3498,12904,9,10,F,24,3,5,60.0,2,4,50.0,2,3,66.7,1,6,7,3,1,1,0,1,+8,
243,12904,9,0,SF,5,0,2,0,0,0,0,0,0,0,0,1,1,0,1,0,0,1,-6,
264,12904,9,20,PG,19,9,12,75.0,1,1,100.0,1,3,33.3,0,1,1,4,2,0,0,0,+14,
3441,12904,9,0,G,5,0,1,0,0,0,0,0,0,0,1,0,1,0,1,0,0,0,-6,
2627,12904,9,14,PF,20,5,8,62.5,4,4,100.0,0,2,0,2,2,4,2,4,1,1,1,+10,
314,12920,16,30,SF,37,12,22,54.5,5,5,100.0,1,6,16.7,3,7,10,5,0,1,0,1,+7,
434,12920,16,21,G,31,7,10,70.0,4,4,100.0,3,6,50.0,0,3,3,2,2,1,1,0,+16,
544,12920,16,10,PG,23,5,9,55.6,0,0,0,0,2,0,0,6,6,3,3,2,2,0,+15,
886,12920,16,11,C,16,4,4,100.0,1,2,50.0,2,2,100.0,1,1,2,2,4,0,0,0,-1,
2115,12920,16,12,SG,39,3,6,50.0,4,4,100.0,2,5,40.0,0,5,5,3,5,1,3,0,-3,
1877,12920,16,7,SG,29,3,8,37.5,0,0,0,1,2,50.0,1,3,4,1,3,0,1,1,+1,
216,12920,16,17,SG,39,4,12,33.3,7,8,87.5,2,8,25.0,0,5,5,11,3,0,4,2,+10,
575,12920,16,12,C,25,5,6,83.3,2,2,100.0,0,0,0,2,7,9,0,2,1,1,0,0,
2890,12920,8,0,G,1,0,0,0,0,0,0,0,0,0,0,0,0,0,0,0,0,0,0,
433,12920,8,3,C,18,1,1,100.0,1,2,50.0,0,0,0,1,0,1,1,2,0,0,0,-17,
215,12920,8,21,SF,37,8,21,38.1,2,2,100.0,3,11,27.3,1,2,3,3,2,3,1,0,+1,
3960,12920,8,0,F,3,0,0,0,0,0,0,0,0,0,0,1,1,1,0,0,0,0,+3,
374,12920,8,0,PF,5,0,1,0,0,0,0,0,0,0,1,1,2,0,1,0,0,0,-5,
164,12920,8,16,G,40,6,12,50.0,3,4,75.0,1,4,25.0,1,5,6,1,2,2,0,0,-7,
963,12920,8,28,PG,44,9,25,36.0,8,14,57.1,2,11,18.2,1,8,9,10,1,1,5,0,-4,
3407,12920,8,15,G,23,5,13,38.5,0,0,0,5,9,55.6,0,2,2,1,3,1,0,0,+1,
283,12920,8,19,SF,39,6,11,54.5,5,5,100.0,2,4,50.0,3,0,3,2,2,1,0,2,+1,
1901,12920,8,9,PF,31,4,7,57.1,0,0,0,1,4,25.0,5,4,9,4,6,0,0,1,-18,
215,12933,8,16,SF,26,6,20,30.0,2,2,100.0,2,8,25.0,1,2,3,1,0,0,1,0,-27,
283,12933,8,3,SF,22,1,4,25.0,1,2,50.0,0,1,0,2,2,4,1,3,0,1,0,-21,
3407,12933,8,8,G,24,3,17,17.6,0,0,0,2,12,16.7,0,2,2,4,5,0,0,0,-33,
2795,12933,8,3,PF,12,0,3,0,3,4,75.0,0,1,0,1,4,5,2,1,0,0,0,-1,
246,12933,8,16,F,22,7,12,58.3,2,3,66.7,0,0,0,5,3,8,1,2,1,1,0,+10,
2890,12933,8,8,G,23,3,4,75.0,2,2,100.0,0,1,0,0,2,2,1,0,4,3,0,+2,
433,12933,8,0,C,8,0,1,0,0,0,0,0,1,0,0,4,4,0,1,0,0,0,-1,
123,12933,8,0,SG,18,0,7,0,0,0,0,0,2,0,0,2,2,0,1,2,2,0,-23,
374,12933,8,4,PF,12,1,4,25.0,1,2,50.0,1,4,25.0,0,2,2,0,0,0,0,0,-13,
3959,12933,8,18,G,17,8,11,72.7,1,2,50.0,1,3,33.3,0,5,5,4,0,0,0,0,+10,
3960,12933,8,20,F,30,6,13,46.2,7,9,77.8,1,4,25.0,5,1,6,2,2,1,3,0,-5,
2672,12933,14,3,G,10,1,3,33.3,0,0,0,1,2,50.0,1,1,2,1,3,0,1,0,-5,
1901,12933,8,0,PF,26,0,5,0,0,0,0,0,3,0,0,4,4,2,2,2,0,1,-28,
1485,12933,14,3,C,16,1,5,20.0,1,2,50.0,0,3,0,3,1,4,2,1,0,0,1,-9,
979,12933,14,3,G,15,1,3,33.3,0,0,0,1,3,33.3,0,3,3,0,0,0,2,0,-5,
749,12933,14,10,SF,22,4,9,44.4,0,0,0,2,5,40.0,0,3,3,1,2,0,2,0,+35,
2847,12933,14,22,C,25,8,12,66.7,5,5,100.0,1,1,100.0,2,13,15,3,2,0,0,0,+30,
527,12933,14,10,PG,26,3,8,37.5,3,3,100.0,1,5,20.0,0,2,2,4,2,1,0,0,+29,
2810,12933,14,17,SG,27,5,14,35.7,4,4,100.0,3,7,42.9,1,5,6,4,2,2,4,0,+35,
3489,12933,14,21,PF,31,8,13,61.5,4,5,80.0,1,3,33.3,2,6,8,1,0,0,1,0,+37,
869,12933,14,6,F,9,3,3,100.0,0,0,0,0,0,0,0,1,1,0,0,1,0,0,-5,
3977,12933,14,9,F,22,4,9,44.4,1,2,50.0,0,2,0,0,6,6,4,4,1,3,0,-3,
3978,12933,14,14,F,14,6,12,50.0,1,2,50.0,1,6,16.7,2,2,4,0,2,2,0,0,-10,
2650,12933,14,2,SF,18,1,2,50.0,0,0,0,0,1,0,1,7,8,1,4,0,3,0,-4,
207,12933,14,2,PF,8,1,2,50.0,0,0,0,0,0,0,0,1,1,0,0,0,0,2,+5,
2661,12946,31,9,SG,30,3,13,23.1,3,3,100.0,0,6,0,0,0,0,5,1,0,0,0,-38,
3419,12946,31,12,G,24,5,11,45.5,1,1,100.0,1,4,25.0,0,3,3,4,2,0,1,0,-22,
2830,12946,31,14,PF,15,4,6,66.7,5,6,83.3,1,3,33.3,3,2,5,3,1,0,1,1,+4,
351,12946,31,0,SF,6,0,0,0,0,2,0,0,0,0,0,0,0,0,0,0,0,0,+4,
854,12946,31,3,SF,10,1,3,33.3,0,0,0,1,2,50.0,0,0,0,2,1,1,0,0,-14,
973,12946,31,0,PG,8,0,3,0,0,0,0,0,2,0,0,5,5,0,0,0,0,0,+16,
2606,12946,31,9,PG,18,4,8,50.0,0,0,0,1,4,25.0,0,1,1,4,1,0,1,0,-23,
3499,12946,31,5,G,12,2,3,66.7,1,2,50.0,0,0,0,0,1,1,3,1,3,0,0,+7,
4024,12946,31,2,G,14,0,3,0,2,2,100.0,0,2,0,0,3,3,0,2,2,0,0,+6,
3490,12946,31,23,F,30,9,16,56.3,1,2,50.0,4,6,66.7,2,7,9,4,2,0,3,0,-23,
1872,12946,31,16,SF,23,6,16,37.5,2,4,50.0,2,8,25.0,2,3,5,2,2,0,2,0,-8,
3425,12946,31,12,F,21,4,6,66.7,2,2,100.0,2,4,50.0,0,5,5,1,0,1,0,0,-7,
3959,12946,8,0,G,6,0,2,0,0,0,0,0,2,0,0,2,2,0,1,0,3,1,-12,
3407,12946,8,6,G,22,1,7,14.3,3,4,75.0,1,4,25.0,0,6,6,1,1,3,0,0,+15,
762,12946,31,14,PF,28,6,10,60.0,0,0,0,2,4,50.0,1,4,5,4,3,2,2,2,-27,
215,12946,8,23,SF,30,9,20,45.0,0,0,0,5,11,45.5,0,6,6,3,1,0,0,0,+28,
283,12946,8,11,SF,24,4,7,57.1,0,0,0,3,5,60.0,2,2,4,1,2,0,0,0,+5,
963,12946,8,39,PG,32,13,27,48.1,8,11,72.7,5,10,50.0,2,10,12,10,1,1,2,1,+37,
164,12946,8,20,G,32,8,10,80.0,2,2,100.0,2,2,100.0,2,5,7,4,1,0,3,1,+18,
1901,12946,8,14,PF,25,5,8,62.5,0,0,0,4,6,66.7,0,2,2,3,3,0,1,1,+9,
3960,12946,8,0,F,12,0,3,0,0,0,0,0,1,0,0,2,2,0,1,0,0,0,-6,
433,12946,8,14,C,22,5,5,100.0,4,4,100.0,0,0,0,2,2,4,1,4,1,0,1,+30,
2890,12946,8,17,G,31,7,10,70.0,0,0,0,3,4,75.0,3,4,7,3,2,2,1,0,+16,
2795,12946,8,0,PF,5,0,1,0,0,0,0,0,0,0,0,0,0,0,1,0,2,1,-15,
3407,12953,8,3,G,13,1,4,25.0,0,0,0,1,3,33.3,0,2,2,1,0,0,0,0,+4,
2890,12953,8,0,G,5,0,2,0,0,0,0,0,2,0,0,1,1,0,0,0,0,0,-1,
123,12953,8,0,SG,6,0,0,0,0,0,0,0,0,0,1,0,1,0,0,0,0,0,+4,
433,12953,8,4,C,7,2,2,100.0,0,0,0,0,0,0,0,1,1,2,1,0,0,0,-6,
3960,12953,8,0,F,-,0,0,0,0,0,0,0,0,0,0,0,0,0,0,0,0,0,0,
1901,12953,8,3,PF,27,1,3,33.3,1,2,50.0,0,2,0,0,3,3,1,4,0,2,3,-4,
164,12953,8,7,G,33,3,7,42.9,0,0,0,1,4,25.0,1,3,4,5,3,1,3,0,+14,
963,12953,8,50,PG,44,15,25,60.0,12,12,100.0,8,16,50.0,1,5,6,15,2,4,4,3,+16,
4044,12953,8,20,C,32,8,9,88.9,4,9,44.4,0,0,0,3,7,10,1,3,0,1,0,+18,
283,12953,8,23,SF,35,9,18,50.0,2,4,50.0,3,8,37.5,2,1,3,1,3,1,0,0,+15,
2565,12953,28,4,C,4,2,2,100.0,0,0,0,0,0,0,0,0,0,0,0,0,0,0,+2,
3341,12953,28,2,G,11,0,3,0,2,2,100.0,0,1,0,3,0,3,1,0,0,0,0,+3,
215,12953,8,18,SF,38,6,14,42.9,3,3,100.0,3,9,33.3,0,7,7,2,4,1,1,0,+10,
966,12953,28,2,PF,17,1,3,33.3,0,0,0,0,0,0,2,5,7,0,3,1,1,0,-14,
196,12953,28,14,SG,37,6,12,50.0,0,0,0,2,7,28.6,0,1,1,2,3,0,0,0,-17,
926,12953,28,32,SG,39,12,22,54.5,0,0,0,8,17,47.1,1,3,4,4,4,1,2,0,-5,
153,12953,28,16,PF,43,4,11,36.4,7,7,100.0,1,3,33.3,1,7,8,7,2,0,6,1,-5,
999,12953,28,23,PF,34,9,18,50.0,3,4,75.0,2,6,33.3,6,13,19,2,1,1,3,0,-3,
1010,12953,28,1,SF,12,0,5,0,1,2,50.0,0,3,0,1,1,2,2,2,1,0,0,-7,
1875,12953,28,0,SF,3,0,0,0,0,0,0,0,0,0,0,0,0,0,1,0,0,0,-6,
64,12953,28,20,SG,40,6,14,42.9,7,10,70.0,1,4,25.0,0,3,3,10,5,1,3,1,-18,
2630,12968,7,22,SF,39,7,13,53.8,4,5,80.0,4,7,57.1,2,1,3,1,2,0,2,1,+4,
515,12968,7,2,C,13,1,3,33.3,0,0,0,0,0,0,1,0,1,0,4,0,2,0,-11,
391,12968,7,16,SF,24,6,11,54.5,0,2,0,4,8,50.0,0,2,2,3,0,1,2,1,-15,
3956,12968,7,0,F,6,0,3,0,0,0,0,0,3,0,0,1,1,3,2,0,0,0,+11,
4043,12968,7,9,G,30,4,11,36.4,1,2,50.0,0,1,0,4,8,12,7,4,3,2,1,+9,
2051,12968,7,8,SG,34,3,10,30.0,0,0,0,2,8,25.0,1,4,5,6,3,1,2,1,+4,
727,12968,7,24,C,35,9,17,52.9,6,6,100.0,0,0,0,9,14,23,6,1,2,4,0,+14,
2392,12968,7,3,PF,32,1,5,20.0,0,0,0,1,5,20.0,1,7,8,0,2,0,0,0,+15,
317,12968,7,29,SG,28,9,19,47.4,5,8,62.5,6,11,54.5,0,2,2,7,3,0,2,0,-16,
123,12968,8,19,SG,28,6,11,54.5,2,2,100.0,5,9,55.6,1,3,4,1,1,2,0,0,0,
215,12968,8,14,SF,30,4,13,30.8,5,6,83.3,1,5,20.0,0,4,4,1,2,0,0,0,-5,
283,12968,8,12,SF,36,5,13,38.5,2,2,100.0,0,4,0,2,3,5,1,3,1,2,3,-8,
4044,12968,8,4,C,25,2,2,100.0,0,1,0,0,0,0,2,2,4,1,4,0,1,2,-7,
2593,12968,8,2,SG,21,1,4,25.0,0,0,0,0,2,0,0,3,3,5,1,2,1,0,+12,
164,12968,8,13,G,33,4,8,50.0,4,4,100.0,1,3,33.3,0,4,4,6,4,3,0,0,+2,
1901,12968,8,4,PF,26,2,7,28.6,0,0,0,0,4,0,2,4,6,0,5,2,0,0,-5,
433,12968,8,3,C,5,1,1,100.0,1,1,100.0,0,0,0,0,0,0,0,1,0,1,0,+5,
963,12968,8,39,PG,37,14,29,48.3,8,10,80.0,3,10,30.0,0,7,7,6,0,2,5,2,-9,
4044,12971,8,2,C,15,1,4,25.0,0,0,0,0,0,0,3,1,4,2,5,0,2,0,-16,
2593,12971,8,2,SG,15,1,3,33.3,0,0,0,0,1,0,0,0,0,5,0,0,1,0,-7,
123,12971,8,11,SG,30,3,8,37.5,3,4,75.0,2,4,50.0,0,2,2,3,2,0,3,0,+6,
433,12971,8,12,C,30,6,8,75.0,0,0,0,0,0,0,7,7,14,6,3,2,1,1,+15,
215,12971,8,32,SF,32,11,19,57.9,5,7,71.4,5,11,45.5,0,3,3,3,2,2,1,0,+5,
374,12971,8,0,PF,3,0,1,0,0,0,0,0,0,0,0,0,0,0,0,0,1,0,-7,
3407,12971,8,17,G,31,7,18,38.9,0,0,0,3,8,37.5,0,2,2,1,2,1,0,1,0,
164,12971,8,11,G,24,5,11,45.5,0,0,0,1,1,100.0,0,2,2,6,4,0,4,0,-9,
283,12971,8,15,SF,30,3,9,33.3,8,8,100.0,1,3,33.3,3,6,9,0,5,3,1,1,+3,
1901,12971,8,8,PF,30,3,9,33.3,0,0,0,2,5,40.0,0,3,3,3,4,1,2,0,-30,
1845,12971,22,3,SG,24,1,3,33.3,0,0,0,1,3,33.3,0,0,0,3,0,4,0,1,-3,
192,12971,22,20,C,38,7,7,100.0,6,7,85.7,0,0,0,2,9,11,2,2,0,2,3,+3,
519,12971,22,10,C,27,3,12,25.0,2,4,50.0,2,6,33.3,2,6,8,3,5,0,5,0,+14,
114,12971,22,10,PG,28,3,7,42.9,2,2,100.0,2,4,50.0,1,1,2,6,5,0,1,1,+15,
2621,12971,22,12,PF,34,5,8,62.5,0,1,0,2,3,66.7,0,0,0,0,3,1,2,4,+4,
18,12971,22,8,SF,27,3,8,37.5,1,2,50.0,1,1,100.0,1,9,10,3,0,0,3,0,-11,
945,12971,22,2,SF,6,1,1,100.0,0,0,0,0,0,0,0,0,0,0,0,1,0,0,-5,
2146,12971,22,9,C,18,3,5,60.0,0,0,0,3,5,60.0,0,4,4,2,4,0,3,0,+12,
2584,12971,22,44,SG,38,12,23,52.2,14,18,77.8,6,11,54.5,0,3,3,4,2,3,6,1,+11,
4044,12992,8,12,C,35,5,7,71.4,2,3,66.7,0,0,0,1,13,14,1,2,0,1,0,+12,
2593,12992,8,18,SG,25,6,8,75.0,3,3,100.0,3,4,75.0,0,0,0,2,0,0,1,0,+2,
433,12992,8,2,C,13,1,2,50.0,0,0,0,0,0,0,2,0,2,1,2,0,0,0,-2,
215,12992,8,16,SF,29,5,12,41.7,4,5,80.0,2,8,25.0,0,6,6,5,2,0,0,0,+9,
1901,12992,8,10,PF,19,3,3,100.0,2,2,100.0,2,2,100.0,1,5,6,0,1,1,0,0,+2,
3407,12992,8,9,G,24,4,8,50.0,0,0,0,1,5,20.0,0,2,2,0,2,0,1,0,+7,
164,12992,8,19,G,34,8,12,66.7,0,0,0,3,5,60.0,0,0,0,5,1,1,1,0,+16,
963,12992,8,39,PG,38,14,29,48.3,6,7,85.7,5,13,38.5,0,8,8,10,3,1,4,1,+9,
283,12992,8,7,SF,24,3,7,42.9,1,2,50.0,0,3,0,2,3,5,1,1,2,1,1,-5,
3973,12992,11,17,F,29,8,11,72.7,1,3,33.3,0,0,0,3,3,6,2,4,1,1,0,-4,
593,12992,11,2,SG,9,1,3,33.3,0,0,0,0,1,0,0,0,0,0,3,0,0,1,-1,
548,12992,11,14,SF,28,5,13,38.5,3,3,100.0,1,3,33.3,3,2,5,4,2,1,0,1,-1,
322,12992,11,5,F,11,2,2,100.0,1,2,50.0,0,0,0,2,1,3,1,2,0,0,0,-7,
468,12992,11,3,PF,15,1,4,25.0,0,0,0,1,4,25.0,2,7,9,4,1,1,2,0,-1,
514,12992,11,3,SG,26,1,11,9.1,0,0,0,1,6,16.7,0,2,2,1,0,0,1,0,-7,
124,12992,11,25,PG,35,9,25,36.0,1,1,100.0,6,15,40.0,0,2,2,7,3,1,3,0,-6,
415,12992,11,24,PG,33,9,14,64.3,0,0,0,6,9,66.7,0,2,2,6,2,2,0,1,-10,
2827,12992,11,16,PF,25,6,12,50.0,3,4,75.0,1,5,20.0,5,4,9,3,3,1,1,0,-9,
3975,12992,11,13,G,29,5,8,62.5,0,0,0,3,5,60.0,1,8,9,4,1,1,2,0,-4,
963,13005,8,19,PG,34,6,20,30.0,4,6,66.7,3,13,23.1,0,6,6,14,1,1,4,0,-17,
164,13005,8,4,G,12,2,3,66.7,0,0,0,0,0,0,1,0,1,3,0,0,0,0,-4,
1901,13005,8,4,PF,18,2,7,28.6,0,1,0,0,4,0,0,0,0,1,2,1,3,2,-17,
246,13005,8,2,F,7,1,1,100.0,0,0,0,0,0,0,0,1,1,0,0,0,0,0,-13,
3407,13005,8,17,G,21,6,15,40.0,0,0,0,5,9,55.6,0,3,3,1,0,0,2,0,-22,
2593,13005,8,0,SG,21,0,4,0,0,0,0,0,1,0,0,2,2,1,4,0,2,0,-21,
215,13005,8,6,SF,23,3,9,33.3,0,0,0,0,6,0,0,2,2,0,1,0,1,0,-16,
433,13005,8,4,C,10,2,3,66.7,0,0,0,0,0,0,2,2,4,1,1,2,0,0,-13,
3398,13005,8,4,G,7,2,3,66.7,0,0,0,0,0,0,1,0,1,1,1,0,1,0,-13,
261,13005,8,14,PG,32,6,14,42.9,0,1,0,2,3,66.7,1,8,9,4,3,0,1,1,-15,
3960,13005,8,0,F,7,0,2,0,0,0,0,0,1,0,0,3,3,0,0,0,0,0,-13,
4044,13005,8,10,C,25,5,8,62.5,0,0,0,0,0,0,2,4,6,2,1,1,0,1,-3,
404,13005,40,7,PF,19,3,3,100.0,0,0,0,1,1,100.0,0,5,5,6,3,3,1,0,+28,
4029,13005,40,14,G,29,3,8,37.5,6,6,100.0,2,6,33.3,0,3,3,3,1,0,0,0,+38,
283,13005,8,6,SF,24,2,4,50.0,1,2,50.0,1,3,33.3,1,2,3,0,1,1,2,1,-18,
761,13005,40,15,PF,18,7,13,53.8,1,1,100.0,0,5,0,0,5,5,1,1,1,0,0,-1,
830,13005,40,17,PF,25,6,12,50.0,1,1,100.0,4,8,50.0,2,2,4,1,0,1,1,1,+8,
1021,13005,40,8,PG,19,2,8,25.0,4,4,100.0,0,3,0,1,2,3,6,1,0,1,0,+1,
152,13005,40,7,G,21,3,4,75.0,0,0,0,1,1,100.0,0,3,3,7,2,0,2,0,-1,
3438,13005,40,24,F,29,10,16,62.5,1,1,100.0,3,8,37.5,0,6,6,2,0,2,1,1,+27,
2785,13005,40,0,C,4,0,0,0,0,0,0,0,0,0,0,1,1,0,0,0,0,0,+1,
3457,13005,40,11,C,27,5,6,83.3,1,2,50.0,0,1,0,0,10,10,0,2,1,1,4,+37,
109,13005,40,20,PG,28,8,16,50.0,3,3,100.0,1,6,16.7,2,8,10,11,4,1,4,0,+36,
3411,13005,40,2,G,19,1,6,16.7,0,0,0,0,5,0,1,1,2,0,1,0,1,0,+10,
1891,13005,40,2,F,4,1,4,25.0,0,0,0,0,0,0,1,0,1,0,0,0,0,0,+1,
3411,13761,40,21,G,30,7,14,50.0,2,2,100.0,5,10,50.0,0,0,0,0,1,2,0,0,-47,
761,13761,40,10,PF,23,5,11,45.5,0,0,0,0,2,0,2,6,8,0,2,0,2,0,-40,
3438,13761,40,7,F,24,2,5,40.0,2,2,100.0,1,3,33.3,0,2,2,3,1,0,1,1,-40,
2785,13761,40,8,C,21,4,7,57.1,0,0,0,0,0,0,3,6,9,0,5,0,4,0,-35,
4029,13761,40,7,G,32,2,11,18.2,3,4,75.0,0,4,0,0,4,4,11,0,0,5,1,-48,
152,13761,40,8,G,17,3,8,37.5,1,2,50.0,1,4,25.0,1,3,4,2,2,0,0,0,-3,
4031,13761,40,10,F,25,4,6,66.7,0,0,0,2,4,50.0,1,1,2,0,3,2,2,1,-10,
3457,13761,40,6,C,27,3,7,42.9,0,0,0,0,0,0,4,4,8,0,4,1,2,0,-15,
1021,13761,40,7,PG,18,0,4,0,7,8,87.5,0,1,0,0,3,3,5,1,1,2,0,-3,
1867,13761,40,11,SG,16,4,9,44.4,0,0,0,3,3,100.0,0,2,2,1,1,0,1,0,-2,
1891,13761,40,2,F,7,1,5,20.0,0,0,0,0,2,0,0,1,1,0,0,0,0,0,-7,
3407,13761,8,8,G,8,3,7,42.9,0,0,0,2,4,50.0,2,1,3,4,1,0,1,0,+10,
123,13761,8,10,SG,19,4,7,57.1,0,0,0,2,3,66.7,1,1,2,2,0,2,0,0,+26,
433,13761,8,4,C,18,2,2,100.0,0,0,0,0,0,0,1,3,4,3,1,1,0,0,+20,
2890,13761,8,4,G,7,2,2,100.0,0,0,0,0,0,0,1,0,1,0,0,0,0,0,+7,
4044,13761,8,10,C,24,5,6,83.3,0,0,0,0,0,0,1,3,4,1,2,1,0,2,+26,
261,13761,8,26,PG,27,11,16,68.8,0,0,0,4,7,57.1,0,3,3,4,2,3,1,0,+26,
963,13761,8,40,PG,32,14,25,56.0,6,8,75.0,6,12,50.0,2,8,10,11,2,1,4,0,+34,
283,13761,8,12,SF,25,4,5,80.0,3,5,60.0,1,2,50.0,1,3,4,1,3,1,0,2,+28,
374,13761,8,3,PF,6,1,3,33.3,0,0,0,1,2,50.0,0,1,1,0,0,0,0,0,+4,
246,13761,8,2,F,6,1,1,100.0,0,0,0,0,0,0,0,0,0,0,0,0,1,1,+4,
3960,13761,8,6,F,21,2,4,50.0,1,2,50.0,1,2,50.0,1,4,5,2,1,0,0,0,+17,
215,13761,8,17,SF,22,5,14,35.7,3,4,75.0,4,12,33.3,1,3,4,2,1,0,0,0,+8,
164,13761,8,5,G,26,2,9,22.2,0,0,0,1,5,20.0,0,6,6,7,1,2,0,0,+40,
4044,13774,8,10,C,28,5,6,83.3,0,0,0,0,0,0,1,8,9,2,4,1,2,2,+6,
433,13774,8,4,C,12,1,2,50.0,2,2,100.0,0,0,0,1,1,2,3,5,3,1,0,+6,
215,13774,8,20,SF,37,7,12,58.3,2,2,100.0,4,9,44.4,0,4,4,0,4,0,1,0,+15,
3960,13774,8,0,F,5,0,1,0,0,0,0,0,1,0,0,1,1,0,0,0,0,0,+1,
374,13774,8,2,PF,7,1,1,100.0,0,0,0,0,0,0,0,1,1,0,1,0,3,0,+1,
164,13774,8,23,G,33,9,15,60.0,3,4,75.0,2,2,100.0,2,4,6,7,3,0,1,0,+2,
963,13774,8,32,PG,41,11,28,39.3,7,8,87.5,3,14,21.4,0,6,6,10,1,1,5,1,+13,
261,13774,8,11,PG,13,4,6,66.7,3,3,100.0,0,0,0,0,2,2,2,1,1,0,0,-10,
283,13774,8,14,SF,39,6,12,50.0,1,2,50.0,1,7,14.3,4,4,8,1,2,2,1,2,+21,
123,13774,8,7,SG,18,2,5,40.0,1,1,100.0,2,4,50.0,1,1,2,1,1,0,1,0,+14,
4017,13774,29,5,F,18,2,6,33.3,0,0,0,1,3,33.3,1,4,5,0,0,1,0,0,+7,
3496,13774,29,10,F,27,3,10,30.0,3,3,100.0,1,3,33.3,1,2,3,2,2,0,0,0,-15,
3714,13774,29,0,F,8,0,0,0,0,0,0,0,0,0,0,0,0,0,1,0,0,0,+3,
3487,13774,29,24,SG,32,7,15,46.7,5,6,83.3,5,10,50.0,2,7,9,5,4,1,2,0,+1,
1023,13774,29,30,SG,36,10,21,47.6,6,6,100.0,4,10,40.0,2,3,5,8,4,1,6,0,-10,
1896,13774,29,9,SG,36,3,7,42.9,0,0,0,3,5,60.0,3,5,8,1,0,3,2,1,-11,
4018,13774,29,10,C,21,4,9,44.4,0,0,0,2,6,33.3,2,4,6,1,4,2,1,0,+2,
4015,13774,29,14,F,32,6,20,30.0,0,0,0,2,10,20.0,6,3,9,0,5,1,0,0,-23,
3408,13774,29,10,G,30,4,17,23.5,2,3,66.7,0,6,0,1,2,3,3,4,0,4,0,-19,
2890,13774,8,2,G,7,1,3,33.3,0,0,0,0,2,0,0,1,1,0,1,0,0,0,-4,
